,id,time,long_x,lat_y,is_calibrated
74665,7,2014-02-04 12:19:42,12.470009423617801,41.9015063603959,0
74975,7,2014-02-04 12:19:47,12.470009423617801,41.9015063603959,0
75792,7,2014-02-04 12:20:02,12.470009423617801,41.9015063603959,0
76653,7,2014-02-04 12:20:17,12.4696319798382,41.90156960856621,0
76725,7,2014-02-04 12:20:18,12.4695645484268,41.9015720748953,1
76761,7,2014-02-04 12:20:19,12.469520383074,41.901552559927396,1
76762,7,2014-02-04 12:20:19,12.469501216396699,41.901553711139705,1
76842,7,2014-02-04 12:20:20,12.4694679911853,41.9015281187309,1
76882,7,2014-02-04 12:20:21,12.4694263712761,41.901537172592505,1
76884,7,2014-02-04 12:20:21,12.4694176452474,41.9015207286715,1
76952,7,2014-02-04 12:20:22,12.469352215804903,41.9015172399896,1
76998,7,2014-02-04 12:20:23,12.4693125501157,41.9015420697022,1
77032,7,2014-02-04 12:20:24,12.4692544241187,41.901546848538295,1
77033,7,2014-02-04 12:20:24,12.4692750423777,41.9015001292674,1
77107,7,2014-02-04 12:20:25,12.469246371812,41.9014878558781,1
77161,7,2014-02-04 12:20:26,12.4691577073836,41.9014917324477,1
77163,7,2014-02-04 12:20:26,12.4691973886415,41.9014877983663,1
77237,7,2014-02-04 12:20:27,12.469054799386196,41.9015810882849,1
77239,7,2014-02-04 12:20:27,12.469106068736401,41.9015237557197,1
77304,7,2014-02-04 12:20:29,12.4690307043956,41.9014783174427,1
77388,7,2014-02-04 12:20:30,12.4689771756775,41.901466739553,1
77600,7,2014-02-04 12:20:34,12.4690725536425,41.9011789945073,1
77633,7,2014-02-04 12:20:34,12.4690725536425,41.9011789945073,0
78605,7,2014-02-04 12:20:51,12.4685551823241,41.9006818356714,1
78612,7,2014-02-04 12:20:51,12.4685585563827,41.90080502426361,0
79384,7,2014-02-04 12:21:03,12.4677903729998,41.900732974389896,0
80476,7,2014-02-04 12:21:17,12.467322134543,41.900662012893896,0
80815,7,2014-02-04 12:21:21,12.467541849862899,41.9005671466809,1
81240,7,2014-02-04 12:21:27,12.4675927743581,41.900290455941,1
81697,7,2014-02-04 12:21:32,12.4677787164613,41.9001947016136,0
81742,7,2014-02-04 12:21:33,12.4678397511861,41.9001579970323,1
82278,7,2014-02-04 12:21:40,12.4680592929259,41.89991805175461,1
82552,7,2014-02-04 12:21:44,12.468329565942199,41.899859760671,1
82717,7,2014-02-04 12:21:47,12.468338983623399,41.8997403505572,0
83889,7,2014-02-04 12:22:02,12.468470578150498,41.8994441560203,0
84927,7,2014-02-04 12:22:17,12.468450219893999,41.899122157681,0
86332,7,2014-02-04 12:22:35,12.468362374253,41.8989268282089,0
86370,7,2014-02-04 12:22:36,12.468387426582,41.8988650736752,1
86651,7,2014-02-04 12:22:40,12.468439591860301,41.8986179361624,1
86882,7,2014-02-04 12:22:43,12.468493500506401,41.8984209469404,1
86979,7,2014-02-04 12:22:44,12.468384119643302,41.8983582541304,1
87020,7,2014-02-04 12:22:45,12.4682557336164,41.89827926032329,1
87028,7,2014-02-04 12:22:45,12.468302358324499,41.8983200318944,1
87111,7,2014-02-04 12:22:46,12.468233028392,41.898216837277104,1
87123,7,2014-02-04 12:22:46,12.468196873790696,41.89823181954021,1
87147,7,2014-02-04 12:22:47,12.4681652152618,41.898172478235104,1
87254,7,2014-02-04 12:22:48,12.468408569754601,41.8981649665393,0
88167,7,2014-02-04 12:23:02,12.468669994039304,41.897988135247395,1
88168,7,2014-02-04 12:23:02,12.468677876988401,41.897952630548,1
88178,7,2014-02-04 12:23:02,12.4686270114159,41.8979940314945,1
88195,7,2014-02-04 12:23:02,12.468604257111402,41.897998313443296,0
88250,7,2014-02-04 12:23:03,12.468720381564,41.897971096967204,1
88269,7,2014-02-04 12:23:03,12.468718516317804,41.897901458649294,1
88271,7,2014-02-04 12:23:03,12.4687261486254,41.8979323052373,1
88318,7,2014-02-04 12:23:04,12.4688560986805,41.8979088881336,1
88319,7,2014-02-04 12:23:04,12.468824031729099,41.8979226869437,1
88323,7,2014-02-04 12:23:04,12.4687885834686,41.89791894240479,1
88325,7,2014-02-04 12:23:04,12.468758399832199,41.897907432938396,1
88365,7,2014-02-04 12:23:05,12.468900645970097,41.8978659889615,1
88367,7,2014-02-04 12:23:05,12.468873065768001,41.89786101399,1
88368,7,2014-02-04 12:23:05,12.468874898917804,41.8978909146454,1
88439,7,2014-02-04 12:23:06,12.4690085131319,41.8978544395149,1
88440,7,2014-02-04 12:23:06,12.4689932949821,41.8978317539526,1
88441,7,2014-02-04 12:23:06,12.4689562613543,41.897835698056,1
88442,7,2014-02-04 12:23:06,12.468935989856801,41.8978557650111,1
88528,7,2014-02-04 12:23:07,12.4690173733726,41.8978133860017,1
88546,7,2014-02-04 12:23:07,12.469061148578902,41.8978201537698,1
88579,7,2014-02-04 12:23:08,12.4691250579446,41.897765881079394,1
88580,7,2014-02-04 12:23:08,12.4691081987614,41.8977660683152,1
88583,7,2014-02-04 12:23:08,12.46910715,41.89777687,1
88584,7,2014-02-04 12:23:08,12.469130172885402,41.897774123881604,1
88585,7,2014-02-04 12:23:08,12.4691359245044,41.897751624708796,1
88586,7,2014-02-04 12:23:08,12.46909534,41.89779016,1
88620,7,2014-02-04 12:23:09,12.4691996798751,41.8977350371845,1
88621,7,2014-02-04 12:23:09,12.469204181458302,41.8977253284371,1
88622,7,2014-02-04 12:23:09,12.469212592362,41.89771993063,1
88623,7,2014-02-04 12:23:09,12.469219852533,41.8977093101183,1
88624,7,2014-02-04 12:23:09,12.4691686034203,41.897735008969896,1
88632,7,2014-02-04 12:23:09,12.469253063262999,41.897725851107296,1
88637,7,2014-02-04 12:23:09,12.4692409919677,41.8977077895452,1
88641,7,2014-02-04 12:23:10,12.469345572644999,41.897730546164105,1
88643,7,2014-02-04 12:23:10,12.469278627567,41.89772397521449,1
88648,7,2014-02-04 12:23:10,12.469287163370302,41.8977419583502,1
88656,7,2014-02-04 12:23:10,12.4693399257883,41.8977455850355,1
88657,7,2014-02-04 12:23:10,12.469333980648804,41.8977464668263,1
88659,7,2014-02-04 12:23:10,12.4693294857779,41.8977499947595,1
88660,7,2014-02-04 12:23:10,12.469316228056801,41.897752483293296,1
88661,7,2014-02-04 12:23:10,12.469349153148801,41.897743089376,1
88717,7,2014-02-04 12:23:11,12.4693722483113,41.8976620912505,1
88718,7,2014-02-04 12:23:11,12.4693923058768,41.8976548869381,1
88722,7,2014-02-04 12:23:11,12.4693628121167,41.89768312498929,1
88723,7,2014-02-04 12:23:11,12.469353172197199,41.8977051393744,1
88741,7,2014-02-04 12:23:11,12.4693841096346,41.8976274238037,1
88747,7,2014-02-04 12:23:12,12.4695002963204,41.8976452091189,1
88748,7,2014-02-04 12:23:12,12.469483413304602,41.8976546925204,1
88749,7,2014-02-04 12:23:12,12.469447433207199,41.8976655023665,1
88750,7,2014-02-04 12:23:12,12.4694265909009,41.897631274925295,1
88820,7,2014-02-04 12:23:13,12.469567122172801,41.8976326764886,1
88821,7,2014-02-04 12:23:13,12.4695777433289,41.8976506529959,1
88829,7,2014-02-04 12:23:13,12.4695328033355,41.8976351128401,1
88865,7,2014-02-04 12:23:14,12.469705007732902,41.8976286539231,1
88866,7,2014-02-04 12:23:14,12.469676204585399,41.8976444480164,1
88890,7,2014-02-04 12:23:14,12.469623642993698,41.8976574290789,1
88946,7,2014-02-04 12:23:15,12.46975492659,41.897536243026096,1
88947,7,2014-02-04 12:23:15,12.4697095162419,41.897562481899,1
89000,7,2014-02-04 12:23:16,12.46989014,41.89760855,1
89001,7,2014-02-04 12:23:16,12.4698518446978,41.8976020387045,1
89002,7,2014-02-04 12:23:16,12.4698106532667,41.8975616708009,1
89066,7,2014-02-04 12:23:17,12.4698969394179,41.8975543384859,1
89067,7,2014-02-04 12:23:17,12.469937779233902,41.8975592855808,1
89089,7,2014-02-04 12:23:18,12.4699785596762,41.8974973258112,1
89090,7,2014-02-04 12:23:18,12.4699660205496,41.897452707983106,1
89188,7,2014-02-04 12:23:19,12.470129176149301,41.8974890528291,1
89191,7,2014-02-04 12:23:19,12.470050280784301,41.897445518593294,1
89192,7,2014-02-04 12:23:19,12.4700382820185,41.8974823055213,1
89193,7,2014-02-04 12:23:19,12.4700908562372,41.897452992930496,1
89203,7,2014-02-04 12:23:20,12.4701612863675,41.89751676194551,1
89282,7,2014-02-04 12:23:22,12.470328107079101,41.8974747822417,0
89285,7,2014-02-04 12:23:22,12.470376142211899,41.8974511241282,1
89292,7,2014-02-04 12:23:22,12.4704409581513,41.8974199173416,1
89293,7,2014-02-04 12:23:22,12.4704481357783,41.8973793645759,1
89369,7,2014-02-04 12:23:23,12.4705843902067,41.8973156783197,1
89370,7,2014-02-04 12:23:23,12.4705229994854,41.897312277911404,1
89371,7,2014-02-04 12:23:23,12.4704793234816,41.897329320001795,1
89372,7,2014-02-04 12:23:23,12.470478557081599,41.8973733772485,1
89424,7,2014-02-04 12:23:24,12.470738528318698,41.8973160066786,1
89425,7,2014-02-04 12:23:24,12.4707681749537,41.8973440326818,1
89426,7,2014-02-04 12:23:24,12.470797169872,41.8973339853405,1
89427,7,2014-02-04 12:23:24,12.4708210731791,41.8973091505199,1
89451,7,2014-02-04 12:23:24,12.4707112759184,41.8973022239896,1
89452,7,2014-02-04 12:23:24,12.4706816453244,41.8973308507417,1
89461,7,2014-02-04 12:23:24,12.470637820888099,41.8972943322966,1
89487,7,2014-02-04 12:23:25,12.470877603511699,41.8972963321606,1
89497,7,2014-02-04 12:23:25,12.470961893152499,41.8972532266139,1
89499,7,2014-02-04 12:23:25,12.4709646578988,41.89730021714821,1
89504,7,2014-02-04 12:23:25,12.470912651726,41.89732989025711,1
89607,7,2014-02-04 12:23:26,12.4710412606304,41.8972799079876,1
89608,7,2014-02-04 12:23:26,12.471196599114899,41.897304299359,1
89609,7,2014-02-04 12:23:26,12.4711399472192,41.897292571358,1
89610,7,2014-02-04 12:23:26,12.4710977120767,41.8973273523234,1
89612,7,2014-02-04 12:23:26,12.4710715176359,41.8973092247202,1
89615,7,2014-02-04 12:23:26,12.471012149034099,41.89724961860379,1
89634,7,2014-02-04 12:23:27,12.471364235575301,41.8972584899893,1
89635,7,2014-02-04 12:23:27,12.4713276558156,41.897291284653,1
89636,7,2014-02-04 12:23:27,12.471309296496804,41.897254840307795,1
89637,7,2014-02-04 12:23:27,12.4712524304921,41.8972706593294,1
89742,7,2014-02-04 12:23:28,12.471456828933404,41.8971726615571,1
89743,7,2014-02-04 12:23:28,12.4715084095486,41.897159102441705,1
89753,7,2014-02-04 12:23:28,12.4714303619348,41.8972072702397,1
89755,7,2014-02-04 12:23:28,12.4713861599991,41.8972119113543,1
89766,7,2014-02-04 12:23:29,12.4716905139066,41.8971403093372,1
89775,7,2014-02-04 12:23:29,12.4717041760511,41.897180749962395,1
89776,7,2014-02-04 12:23:29,12.471640845554301,41.8971704110021,1
89779,7,2014-02-04 12:23:29,12.471573978369602,41.897163423036496,1
89801,7,2014-02-04 12:23:29,12.4717538176554,41.897200418606296,1
89907,7,2014-02-04 12:23:30,12.471755919499,41.8971347091075,1
89909,7,2014-02-04 12:23:30,12.471894828580899,41.897115875127795,1
89912,7,2014-02-04 12:23:30,12.471837501733699,41.897144313396794,1
89939,7,2014-02-04 12:23:31,12.472051216087198,41.8970883202354,1
89942,7,2014-02-04 12:23:31,12.4719677068513,41.8971407057143,1
90003,7,2014-02-04 12:23:32,12.4721020765815,41.89705394243379,1
90012,7,2014-02-04 12:23:32,12.472135952226301,41.8970344318921,1
90028,7,2014-02-04 12:23:32,12.4721961258497,41.8970467906168,1
90041,7,2014-02-04 12:23:32,12.472227105427,41.89694318881389,1
90042,7,2014-02-04 12:23:32,12.472197399102097,41.8969630774713,1
90044,7,2014-02-04 12:23:32,12.472205433697699,41.8970027404624,1
90073,7,2014-02-04 12:23:33,12.4722566517801,41.896939383637296,1
90075,7,2014-02-04 12:23:33,12.472246868064802,41.8969333763546,1
90135,7,2014-02-04 12:23:34,12.4725896790587,41.8968923830242,1
90139,7,2014-02-04 12:23:34,12.4725653972577,41.89690823579621,1
90140,7,2014-02-04 12:23:34,12.4725629515134,41.8969237579768,1
90141,7,2014-02-04 12:23:34,12.472461109421301,41.8969079235262,1
90142,7,2014-02-04 12:23:34,12.472516959374197,41.896925982320795,1
90144,7,2014-02-04 12:23:34,12.4725003042538,41.8969166722811,1
90146,7,2014-02-04 12:23:34,12.4725405936091,41.8969146219547,1
90168,7,2014-02-04 12:23:34,12.472433386764695,41.89693945579921,0
90205,7,2014-02-04 12:23:35,12.4726503219246,41.8968532781539,1
90207,7,2014-02-04 12:23:35,12.472697034036699,41.8969202463887,1
90208,7,2014-02-04 12:23:35,12.4726847919444,41.896891863218606,1
90209,7,2014-02-04 12:23:35,12.472601570162,41.8968474354699,1
90214,7,2014-02-04 12:23:35,12.472735341588399,41.8969398572008,1
90216,7,2014-02-04 12:23:35,12.4727597040677,41.89688559744421,1
90225,7,2014-02-04 12:23:35,12.4727561417967,41.896914043463795,1
90234,7,2014-02-04 12:23:35,12.472771536714301,41.89686149475661,1
90339,7,2014-02-04 12:23:36,12.472797916676305,41.896878709476,1
90340,7,2014-02-04 12:23:36,12.4728050543786,41.896841718017896,1
90341,7,2014-02-04 12:23:36,12.472825222151501,41.8968117294123,1
90342,7,2014-02-04 12:23:36,12.472822429221196,41.896789997742296,1
90343,7,2014-02-04 12:23:36,12.4728633333333,41.89683,1
90344,7,2014-02-04 12:23:36,12.4729028657288,41.8968037728879,1
90345,7,2014-02-04 12:23:36,12.472932724359401,41.896789619086,1
90386,7,2014-02-04 12:23:37,12.4729592580616,41.896778719278394,1
90389,7,2014-02-04 12:23:37,12.4729881456225,41.8967740798901,1
90390,7,2014-02-04 12:23:37,12.473004482978599,41.8967754767524,1
90391,7,2014-02-04 12:23:37,12.473011263117199,41.896771107258786,1
90395,7,2014-02-04 12:23:37,12.4730599278673,41.8967656017224,1
90397,7,2014-02-04 12:23:37,12.4730776940554,41.896766468292704,1
90398,7,2014-02-04 12:23:37,12.4730751793585,41.8967403013679,1
90401,7,2014-02-04 12:23:37,12.4730904439269,41.8967320364634,1
90402,7,2014-02-04 12:23:37,12.473038192067499,41.896779076082396,1
90425,7,2014-02-04 12:23:37,12.473111910108399,41.896752562676895,1
90450,7,2014-02-04 12:23:38,12.473159998209901,41.8967326431943,1
90471,7,2014-02-04 12:23:38,12.473134082209,41.8967412609569,1
90472,7,2014-02-04 12:23:38,12.473293183768101,41.8967496329174,1
90479,7,2014-02-04 12:23:38,12.4732136150077,41.8967074523562,1
90486,7,2014-02-04 12:23:38,12.473173657034,41.896712141692,1
90487,7,2014-02-04 12:23:38,12.473176060292301,41.8967266406096,1
90495,7,2014-02-04 12:23:38,12.4732713348767,41.8967390804704,1
90498,7,2014-02-04 12:23:38,12.473239076131499,41.896734818143294,1
90518,7,2014-02-04 12:23:39,12.473368316752698,41.8967038563914,1
90530,7,2014-02-04 12:23:39,12.4733346768117,41.8967294477324,1
90531,7,2014-02-04 12:23:39,12.473349070562902,41.8967312984847,1
90532,7,2014-02-04 12:23:39,12.4734541266572,41.896690282603295,1
90533,7,2014-02-04 12:23:39,12.473406570425,41.896689109739796,1
90536,7,2014-02-04 12:23:39,12.4733690329387,41.89674445038229,1
90607,7,2014-02-04 12:23:40,12.4736316549665,41.896646729055796,1
90609,7,2014-02-04 12:23:40,12.473598401422601,41.8966264037458,1
90610,7,2014-02-04 12:23:40,12.4735209344699,41.8966555761095,1
90611,7,2014-02-04 12:23:40,12.473478106105402,41.896645296669895,1
90622,7,2014-02-04 12:23:40,12.4735540887028,41.8966289004518,1
90672,7,2014-02-04 12:23:41,12.473738129065799,41.896566711310896,1
90673,7,2014-02-04 12:23:41,12.473705787933,41.8965770633107,1
90674,7,2014-02-04 12:23:41,12.473697703813501,41.896621826344706,1
90678,7,2014-02-04 12:23:41,12.4738085274627,41.8965759592582,1
90739,7,2014-02-04 12:23:42,12.473855608298097,41.896589608923996,1
90740,7,2014-02-04 12:23:42,12.473886017781998,41.8965807103326,1
90741,7,2014-02-04 12:23:42,12.473910584551597,41.8965533366358,1
90743,7,2014-02-04 12:23:42,12.4739265799379,41.8965234287056,1
90744,7,2014-02-04 12:23:42,12.4739579171559,41.896552117126795,1
90825,7,2014-02-04 12:23:43,12.4740055442301,41.896528671694796,1
90827,7,2014-02-04 12:23:43,12.474052688880901,41.8965629301681,1
90828,7,2014-02-04 12:23:43,12.4740563875218,41.8965217564336,1
90829,7,2014-02-04 12:23:43,12.474112523655501,41.8965155106901,1
90830,7,2014-02-04 12:23:43,12.474158377341098,41.8965362118569,1
90850,7,2014-02-04 12:23:43,12.474023177467101,41.8965496089843,1
90909,7,2014-02-04 12:23:44,12.474172019612201,41.8965118497014,1
90910,7,2014-02-04 12:23:44,12.4742066943508,41.896530656490896,1
90912,7,2014-02-04 12:23:44,12.4743210966549,41.896475364984795,1
90913,7,2014-02-04 12:23:44,12.474305409447801,41.8965076014878,1
90914,7,2014-02-04 12:23:44,12.4742665835834,41.8964917032613,1
90915,7,2014-02-04 12:23:44,12.4742632298966,41.896520384726,1
90916,7,2014-02-04 12:23:44,12.4742250353062,41.896508182150995,1
90988,7,2014-02-04 12:23:45,12.4743868925617,41.8964519671875,1
91000,7,2014-02-04 12:23:45,12.4743530812187,41.8964614790906,1
91001,7,2014-02-04 12:23:45,12.474447240885,41.896482164628296,1
91002,7,2014-02-04 12:23:45,12.4745049374368,41.8964922808309,1
91007,7,2014-02-04 12:23:45,12.4745016846696,41.8964592932324,1
91016,7,2014-02-04 12:23:45,12.4744168349292,41.8964737944239,1
91039,7,2014-02-04 12:23:46,12.4745958969176,41.8964152620074,1
91043,7,2014-02-04 12:23:46,12.4745805777158,41.8963922640292,1
91044,7,2014-02-04 12:23:46,12.474514028952198,41.896413062529895,1
91137,7,2014-02-04 12:23:47,12.4748081683465,41.8965070177293,1
91141,7,2014-02-04 12:23:47,12.4747316966719,41.8964886284575,0
91142,7,2014-02-04 12:23:47,12.4748048917024,41.896492116734,1
91143,7,2014-02-04 12:23:47,12.474774208555301,41.8964985287362,1
91148,7,2014-02-04 12:23:47,12.4748343919647,41.896508823836,1
91189,7,2014-02-04 12:23:47,12.4747410350811,41.896480911231606,1
91219,7,2014-02-04 12:23:48,12.4748590845747,41.896496412902714,1
91262,7,2014-02-04 12:23:48,12.4749270529211,41.896448695187395,1
91263,7,2014-02-04 12:23:48,12.4748955734904,41.8964139156074,1
91264,7,2014-02-04 12:23:48,12.474886609615,41.896436949983396,1
91266,7,2014-02-04 12:23:48,12.4748875182134,41.8964661053037,1
91305,7,2014-02-04 12:23:49,12.4749515390595,41.8964412330296,1
91306,7,2014-02-04 12:23:49,12.474957367902,41.8964220782014,1
91307,7,2014-02-04 12:23:49,12.4749531889715,41.8963923913211,1
91308,7,2014-02-04 12:23:49,12.4749985904946,41.8963947048878,1
91311,7,2014-02-04 12:23:49,12.475035351214599,41.8964278144087,1
91394,7,2014-02-04 12:23:50,12.475071279044304,41.896445334730295,1
91395,7,2014-02-04 12:23:50,12.4750950168399,41.896478021527706,1
91396,7,2014-02-04 12:23:50,12.475129898024399,41.8964736161016,1
91397,7,2014-02-04 12:23:50,12.4751568461695,41.896486117803,1
91456,7,2014-02-04 12:23:51,12.475236640167001,41.8964439565219,1
91458,7,2014-02-04 12:23:51,12.4752427406065,41.896494507864396,1
91482,7,2014-02-04 12:23:51,12.4752013905355,41.8965068371619,1
91548,7,2014-02-04 12:23:52,12.4752988157319,41.896448918386895,1
91551,7,2014-02-04 12:23:52,12.4752807804381,41.8964291231058,1
91555,7,2014-02-04 12:23:52,12.475318349826301,41.896488264494295,1
91556,7,2014-02-04 12:23:52,12.475353021372197,41.8965074437402,1
91627,7,2014-02-04 12:23:53,12.4754068253968,41.896451109672796,1
91628,7,2014-02-04 12:23:53,12.4754452732584,41.8964329073185,1
91680,7,2014-02-04 12:23:54,12.4755126885741,41.8964137082439,1
91782,7,2014-02-04 12:23:55,12.4755712671834,41.89638831086071,1
91789,7,2014-02-04 12:23:55,12.4756406600546,41.896420978456,1
91790,7,2014-02-04 12:23:55,12.4755932152725,41.896420181162796,1
91803,7,2014-02-04 12:23:56,12.4756892144874,41.896419208916896,1
91817,7,2014-02-04 12:23:56,12.475696195113699,41.896436054889705,1
91833,7,2014-02-04 12:23:56,12.4757865153165,41.8964567920044,1
91842,7,2014-02-04 12:23:56,12.4757392468439,41.8964397718226,1
91886,7,2014-02-04 12:23:57,12.475794880645699,41.8964174209947,1
91888,7,2014-02-04 12:23:57,12.475837741785199,41.89638870203,1
91892,7,2014-02-04 12:23:57,12.475876939015,41.8963673647125,1
91909,7,2014-02-04 12:23:58,12.4759158647843,41.8964067952661,1
91995,7,2014-02-04 12:23:59,12.476000002985499,41.8963556242497,1
92015,7,2014-02-04 12:23:59,12.476055357656401,41.8963582624342,1
92016,7,2014-02-04 12:23:59,12.476073168386801,41.8963835924948,1
92061,7,2014-02-04 12:24:00,12.4761197429511,41.8963207696529,1
92062,7,2014-02-04 12:24:00,12.4761562831352,41.89629650257321,1
92220,7,2014-02-04 12:24:02,12.476276485831699,41.8962221948609,0
93040,7,2014-02-04 12:24:17,12.476276485831699,41.8962221948609,0
93042,7,2014-02-04 12:24:17,12.4763351297222,41.8961940123435,1
93047,7,2014-02-04 12:24:17,12.476314909412801,41.8961814815952,1
93048,7,2014-02-04 12:24:17,12.476298562532001,41.896200575802496,1
93053,7,2014-02-04 12:24:17,12.4762777280386,41.896219057507295,1
93055,7,2014-02-04 12:24:18,12.4763594339136,41.896150257359,1
93056,7,2014-02-04 12:24:18,12.4763797584517,41.896139018220794,1
93066,7,2014-02-04 12:24:18,12.476343051979699,41.896166291372,1
93128,7,2014-02-04 12:24:19,12.4764504083812,41.89612693084621,1
93129,7,2014-02-04 12:24:19,12.4764850163695,41.8961546636855,1
93130,7,2014-02-04 12:24:19,12.476463285030198,41.8961548159745,1
93134,7,2014-02-04 12:24:19,12.4764095047453,41.896133650844895,1
93137,7,2014-02-04 12:24:20,12.4765338310953,41.896150598845296,1
93141,7,2014-02-04 12:24:20,12.4765069375259,41.896138002106795,1
93143,7,2014-02-04 12:24:20,12.476540069980901,41.8961132794714,1
93217,7,2014-02-04 12:24:21,12.4765825669112,41.8961040277474,1
93252,7,2014-02-04 12:24:21,12.476598092927599,41.8960729270671,1
93256,7,2014-02-04 12:24:21,12.4765938496582,41.896092438485105,1
93257,7,2014-02-04 12:24:21,12.476573130839698,41.8961203569084,1
93258,7,2014-02-04 12:24:21,12.476614002974902,41.8960766472869,1
93269,7,2014-02-04 12:24:22,12.4766358610128,41.8960755306291,1
93288,7,2014-02-04 12:24:22,12.4766760550401,41.896080906068704,1
93289,7,2014-02-04 12:24:22,12.476682107369196,41.8960706224155,1
93291,7,2014-02-04 12:24:22,12.4766882107091,41.8960727290659,1
93292,7,2014-02-04 12:24:22,12.4766949991098,41.8960650682895,1
93307,7,2014-02-04 12:24:22,12.476655905286698,41.8960734032083,1
93311,7,2014-02-04 12:24:22,12.4766691851496,41.8960750616485,1
93317,7,2014-02-04 12:24:23,12.4767226194661,41.896050528801496,1
93329,7,2014-02-04 12:24:23,12.4767039343715,41.89605753868821,1
93330,7,2014-02-04 12:24:23,12.476719919454,41.89605650943779,1
93331,7,2014-02-04 12:24:23,12.476729698340199,41.8960493130878,1
93332,7,2014-02-04 12:24:23,12.476740171231501,41.8960616145621,1
93333,7,2014-02-04 12:24:23,12.4767553593852,41.8960726358867,1
93334,7,2014-02-04 12:24:23,12.4767691567962,41.8960767184205,1
93335,7,2014-02-04 12:24:23,12.4767863371696,41.8960722553477,1
93339,7,2014-02-04 12:24:23,12.4767124399542,41.8960598705514,1
93395,7,2014-02-04 12:24:24,12.476808347408399,41.896069749159004,1
93396,7,2014-02-04 12:24:24,12.4768160053406,41.89605566958279,1
93397,7,2014-02-04 12:24:24,12.476829689364,41.8960635919775,1
93399,7,2014-02-04 12:24:24,12.476829660483999,41.896047361255995,1
93400,7,2014-02-04 12:24:24,12.476843176049302,41.89604360506279,1
93402,7,2014-02-04 12:24:24,12.4768453613959,41.8960509650974,1
93411,7,2014-02-04 12:24:24,12.4768446020503,41.8960329406174,1
93413,7,2014-02-04 12:24:24,12.4767897072664,41.896062244026496,1
93461,7,2014-02-04 12:24:25,12.476857082088001,41.8960256776273,1
93464,7,2014-02-04 12:24:25,12.476857337283402,41.8960176687454,1
93465,7,2014-02-04 12:24:25,12.476872492752301,41.8960191618539,1
93467,7,2014-02-04 12:24:25,12.4768825650562,41.8960138199551,1
93468,7,2014-02-04 12:24:25,12.4768859149953,41.89602004923071,1
93469,7,2014-02-04 12:24:25,12.476900110544,41.896013971883995,1
93470,7,2014-02-04 12:24:25,12.476907301410598,41.8960133215136,1
93471,7,2014-02-04 12:24:25,12.4769214828015,41.896012309403794,1
93529,7,2014-02-04 12:24:26,12.477008193858197,41.896050480902296,1
93534,7,2014-02-04 12:24:26,12.4769349318435,41.896003243696,1
93535,7,2014-02-04 12:24:26,12.476943701344302,41.8960055788649,1
93536,7,2014-02-04 12:24:26,12.476953457187399,41.8960074739043,1
93537,7,2014-02-04 12:24:26,12.4769577411707,41.8960035469964,1
93538,7,2014-02-04 12:24:26,12.4770301525968,41.8960512343316,1
93544,7,2014-02-04 12:24:26,12.476964549949999,41.896013053412794,1
93545,7,2014-02-04 12:24:26,12.4769736436964,41.896013853811,1
93546,7,2014-02-04 12:24:26,12.4769805265501,41.8960227603157,1
93547,7,2014-02-04 12:24:26,12.4769878733879,41.8960415946662,1
93642,7,2014-02-04 12:24:27,12.477074807945304,41.8960609802472,1
93643,7,2014-02-04 12:24:27,12.477077038652,41.8960393714314,1
93644,7,2014-02-04 12:24:27,12.477079381271,41.896021294407895,1
93645,7,2014-02-04 12:24:27,12.477090941515801,41.896012085689705,1
93701,7,2014-02-04 12:24:28,12.4771521404059,41.895953764097904,1
93709,7,2014-02-04 12:24:28,12.4771358548545,41.8959750589956,1
93711,7,2014-02-04 12:24:28,12.477130427379999,41.8959885612931,1
93712,7,2014-02-04 12:24:28,12.4771366559713,41.8960161266295,1
93714,7,2014-02-04 12:24:28,12.4771179247475,41.8960179306222,1
93763,7,2014-02-04 12:24:29,12.4772105311701,41.8959473163726,1
93776,7,2014-02-04 12:24:29,12.4771691288436,41.895947172830404,1
93785,7,2014-02-04 12:24:29,12.477189600650599,41.8959538252593,1
93786,7,2014-02-04 12:24:29,12.477168802111098,41.8959600613542,1
93815,7,2014-02-04 12:24:30,12.4772366660023,41.8959469496385,1
93946,7,2014-02-04 12:24:32,12.477405938099801,41.895923642091,1
93947,7,2014-02-04 12:24:32,12.4774324491545,41.895919749654105,1
93949,7,2014-02-04 12:24:32,12.4774447043468,41.8959318500156,1
93950,7,2014-02-04 12:24:32,12.4774788684099,41.8958976676318,1
93951,7,2014-02-04 12:24:32,12.4774989369383,41.895892311809604,1
93963,7,2014-02-04 12:24:32,12.4774705545313,41.895918250369,1
93976,7,2014-02-04 12:24:32,12.4773913717065,41.8959264363788,0
93998,7,2014-02-04 12:24:33,12.477499566902699,41.8958655946191,1
93999,7,2014-02-04 12:24:33,12.477562652236,41.8958987754942,1
94000,7,2014-02-04 12:24:33,12.4775922679675,41.8959324003498,1
94004,7,2014-02-04 12:24:33,12.477611165190899,41.89594531679671,1
94046,7,2014-02-04 12:24:34,12.477713737135801,41.8959834588621,1
94056,7,2014-02-04 12:24:34,12.477677971367301,41.89595937831479,1
94058,7,2014-02-04 12:24:34,12.477653428640098,41.8959722072115,1
94059,7,2014-02-04 12:24:34,12.4776309570208,41.895938909881295,1
94064,7,2014-02-04 12:24:34,12.477702207932902,41.89595790882029,1
94115,7,2014-02-04 12:24:35,12.4778520804535,41.895946287453604,1
94116,7,2014-02-04 12:24:35,12.477820148908998,41.8959566699082,1
94117,7,2014-02-04 12:24:35,12.4777882848525,41.8959413264703,1
94118,7,2014-02-04 12:24:35,12.4777540751914,41.895966411143895,1
94160,7,2014-02-04 12:24:36,12.477890649983802,41.89592862088529,1
94161,7,2014-02-04 12:24:36,12.477896561832399,41.895956721070796,1
94162,7,2014-02-04 12:24:36,12.477934801987299,41.8959424062146,1
94177,7,2014-02-04 12:24:36,12.4779370752779,41.8959156904465,1
94278,7,2014-02-04 12:24:37,12.4779878291887,41.8958787304476,1
94279,7,2014-02-04 12:24:37,12.4780148011405,41.8958996810891,1
94282,7,2014-02-04 12:24:37,12.4780525273758,41.89588470210961,1
94283,7,2014-02-04 12:24:37,12.478081205332401,41.8958934564871,1
94334,7,2014-02-04 12:24:38,12.478183402659301,41.8959428673793,1
94335,7,2014-02-04 12:24:38,12.478175597291903,41.895925788002295,1
94336,7,2014-02-04 12:24:38,12.4781474259597,41.895910631255795,1
94337,7,2014-02-04 12:24:38,12.4781281146372,41.8959452304548,1
94338,7,2014-02-04 12:24:38,12.4780900895101,41.8959197333542,1
94406,7,2014-02-04 12:24:39,12.4782374426605,41.8959795950349,1
94408,7,2014-02-04 12:24:39,12.4782295240043,41.8959618864004,1
94418,7,2014-02-04 12:24:39,12.478301210184801,41.8959852650183,1
94422,7,2014-02-04 12:24:39,12.4782458216217,41.8959975867926,1
94423,7,2014-02-04 12:24:39,12.4782127941795,41.895946626722996,1
94444,7,2014-02-04 12:24:40,12.4784334386694,41.8959795528696,1
94459,7,2014-02-04 12:24:40,12.4783941917453,41.895992168380786,1
94460,7,2014-02-04 12:24:40,12.4783673003432,41.8960258393144,1
94461,7,2014-02-04 12:24:40,12.478344747055301,41.8959935909659,1
94528,7,2014-02-04 12:24:41,12.478543693560601,41.8960083257616,1
94529,7,2014-02-04 12:24:41,12.478474209067599,41.8959823981249,1
94550,7,2014-02-04 12:24:41,12.478498562183301,41.896008311405296,1
94581,7,2014-02-04 12:24:42,12.4786685993184,41.895981313198,1
94610,7,2014-02-04 12:24:42,12.478643030321699,41.89598262364071,1
94614,7,2014-02-04 12:24:42,12.478609396774099,41.8959673796579,1
94615,7,2014-02-04 12:24:42,12.478570891396199,41.895990711652296,1
94651,7,2014-02-04 12:24:43,12.4787038071204,41.89600517754409,1
94652,7,2014-02-04 12:24:43,12.4787567881819,41.8959921783734,1
94653,7,2014-02-04 12:24:43,12.478774639173801,41.8960082211301,1
94661,7,2014-02-04 12:24:43,12.478727063436803,41.8960028001431,1
94757,7,2014-02-04 12:24:44,12.4788932171826,41.8960026733674,1
94758,7,2014-02-04 12:24:44,12.4788629049911,41.8960006877905,1
94764,7,2014-02-04 12:24:44,12.478865316094902,41.8960277448682,1
94769,7,2014-02-04 12:24:44,12.4788702538744,41.895986847113,1
94770,7,2014-02-04 12:24:44,12.478849251692901,41.8960576193458,1
94771,7,2014-02-04 12:24:44,12.4787991934226,41.8959997996771,1
94772,7,2014-02-04 12:24:44,12.4788100557269,41.896016982167104,1
94775,7,2014-02-04 12:24:44,12.478828703717001,41.89602463953629,1
94779,7,2014-02-04 12:24:44,12.4788345391475,41.8960431516846,1
94840,7,2014-02-04 12:24:45,12.478923844032199,41.8960174422142,1
94852,7,2014-02-04 12:24:45,12.4790161259958,41.89602927345821,1
94853,7,2014-02-04 12:24:45,12.4789759672097,41.8960351053724,1
94854,7,2014-02-04 12:24:45,12.478960418849699,41.8960588209593,1
94855,7,2014-02-04 12:24:45,12.4789353906634,41.8960379577389,1
94877,7,2014-02-04 12:24:46,12.4790359422548,41.8960168193329,1
94904,7,2014-02-04 12:24:46,12.479096506184401,41.8960733393325,1
94907,7,2014-02-04 12:24:46,12.4790855224605,41.89604823107771,1
94908,7,2014-02-04 12:24:46,12.4790697701365,41.896041226710295,1
94909,7,2014-02-04 12:24:46,12.4790594794463,41.8960279799262,1
94910,7,2014-02-04 12:24:46,12.479044766216301,41.8960007981555,1
94989,7,2014-02-04 12:24:47,12.4792098400335,41.895983408688004,1
94994,7,2014-02-04 12:24:47,12.4791997399918,41.8960261114207,1
94995,7,2014-02-04 12:24:47,12.479147756143696,41.8960393954593,1
95028,7,2014-02-04 12:24:48,12.479218614929302,41.8957223692282,0
95969,7,2014-02-04 12:25:03,12.4793431790889,41.895555741137706,0
96968,7,2014-02-04 12:25:17,12.479349624444303,41.8955430386827,0
98125,7,2014-02-04 12:25:32,12.479349624444303,41.8955430386827,0
98994,7,2014-02-04 12:25:47,12.4797470445843,41.8953404957164,0
99981,7,2014-02-04 12:26:04,12.4799570533357,41.8950789348395,0
100900,7,2014-02-04 12:26:22,12.480251902009401,41.894965095797296,0
100924,7,2014-02-04 12:26:22,12.480372218722598,41.894924214242,1
100925,7,2014-02-04 12:26:22,12.4803257045128,41.8949433895398,1
100926,7,2014-02-04 12:26:22,12.4802591552093,41.8949723821884,1
100928,7,2014-02-04 12:26:22,12.4802956956371,41.8949703946868,1
100937,7,2014-02-04 12:26:23,12.4804429857049,41.8949050636609,1
100938,7,2014-02-04 12:26:23,12.4804371299329,41.894826124415005,1
100949,7,2014-02-04 12:26:23,12.4803991228966,41.8948863683285,1
100982,7,2014-02-04 12:26:24,12.4805095444614,41.8947545000449,1
100988,7,2014-02-04 12:26:24,12.480556200610001,41.894761401008395,1
101047,7,2014-02-04 12:26:25,12.480596173638,41.8946825633249,1
101056,7,2014-02-04 12:26:25,12.4805573680548,41.8947249334911,1
101067,7,2014-02-04 12:26:25,12.480674471115801,41.894737486673,1
101111,7,2014-02-04 12:26:26,12.4807104649862,41.8946729043641,1
101112,7,2014-02-04 12:26:26,12.480679324554998,41.89461008312721,1
101113,7,2014-02-04 12:26:26,12.4807350131762,41.8945826318396,1
101114,7,2014-02-04 12:26:26,12.480713325138499,41.894538506689,1
101139,7,2014-02-04 12:26:27,12.4808252003035,41.8945188596315,1
101148,7,2014-02-04 12:26:27,12.4807818602123,41.894549445297606,1
101160,7,2014-02-04 12:26:28,12.480874740487303,41.89446878297311,1
101161,7,2014-02-04 12:26:28,12.4810027062922,41.894438296111204,1
101162,7,2014-02-04 12:26:28,12.4809911779388,41.8944464467071,1
101170,7,2014-02-04 12:26:28,12.480937027279598,41.8944596201881,1
101177,7,2014-02-04 12:26:28,12.4810236186535,41.8944554175189,1
101204,7,2014-02-04 12:26:29,12.4811520055097,41.894504107066005,1
101205,7,2014-02-04 12:26:29,12.481131630636801,41.894524732956,1
101209,7,2014-02-04 12:26:29,12.4810838309877,41.894482641911104,1
101210,7,2014-02-04 12:26:29,12.481060911801801,41.89447656836071,1
101215,7,2014-02-04 12:26:29,12.481100005885,41.894500378488004,1
101220,7,2014-02-04 12:26:29,12.481176428528599,41.8945114749577,1
101241,7,2014-02-04 12:26:29,12.481163346381305,41.89443270267649,1
101242,7,2014-02-04 12:26:29,12.4811611666786,41.89445242492929,1
101243,7,2014-02-04 12:26:29,12.4811726369176,41.8944845083295,1
101247,7,2014-02-04 12:26:29,12.4811799450732,41.8944225892724,1
101266,7,2014-02-04 12:26:30,12.4812032813171,41.8944044754599,1
101267,7,2014-02-04 12:26:30,12.481220796349799,41.894409428181795,1
101268,7,2014-02-04 12:26:30,12.481201134072304,41.89441576594921,1
101271,7,2014-02-04 12:26:30,12.481263354852299,41.8944189969636,1
101286,7,2014-02-04 12:26:30,12.481294269551697,41.8943509504729,1
101287,7,2014-02-04 12:26:30,12.4812392655879,41.8944130782207,1
101365,7,2014-02-04 12:26:31,12.4813250248565,41.8943239160539,1
101423,7,2014-02-04 12:26:32,12.481345057693801,41.894207988695705,1
101424,7,2014-02-04 12:26:32,12.4813730371073,41.89422344343609,1
101430,7,2014-02-04 12:26:32,12.4813316054302,41.894219908181796,1
101433,7,2014-02-04 12:26:32,12.481331447230199,41.8942131833699,0
101458,7,2014-02-04 12:26:33,12.4813946544801,41.8942161179512,1
101473,7,2014-02-04 12:26:33,12.481433645731,41.89419497862671,1
101482,7,2014-02-04 12:26:33,12.4814004847931,41.8941963379951,1
101491,7,2014-02-04 12:26:33,12.4814154158004,41.8941802231706,1
101512,7,2014-02-04 12:26:34,12.4815188362096,41.8941614085157,1
101518,7,2014-02-04 12:26:34,12.4814835606761,41.894181185301214,1
101558,7,2014-02-04 12:26:35,12.481544148176901,41.8942065630108,1
101650,7,2014-02-04 12:26:36,12.481607163635699,41.8941408472673,1
101652,7,2014-02-04 12:26:36,12.481643422091999,41.8940730812433,1
101704,7,2014-02-04 12:26:37,12.4816893168893,41.8940698311576,1
101705,7,2014-02-04 12:26:37,12.4817256810186,41.8940567178592,1
101743,7,2014-02-04 12:26:38,12.481758701322901,41.894070525623896,1
101790,7,2014-02-04 12:26:39,12.48179643708,41.89406036780579,1
101795,7,2014-02-04 12:26:39,12.481828894308698,41.894090239810794,1
101842,7,2014-02-04 12:26:40,12.481881034335101,41.8940692147841,1
101843,7,2014-02-04 12:26:40,12.4818617020787,41.8940870156709,1
101850,7,2014-02-04 12:26:40,12.481902281112196,41.8940614971973,1
101853,7,2014-02-04 12:26:40,12.481904320225501,41.8940778076365,1
101896,7,2014-02-04 12:26:41,12.481957934442502,41.8940796531377,1
101919,7,2014-02-04 12:26:41,12.481958999941401,41.894120394759604,1
101954,7,2014-02-04 12:26:41,12.4819403645283,41.8940935516692,1
101985,7,2014-02-04 12:26:42,12.481996111005197,41.8941887847219,1
101993,7,2014-02-04 12:26:42,12.482007416628,41.8941374017096,1
102005,7,2014-02-04 12:26:42,12.482003819321001,41.8941025435675,1
102012,7,2014-02-04 12:26:43,12.482054513599401,41.8942456002786,1
102028,7,2014-02-04 12:26:43,12.4820332718861,41.894223080203396,1
102096,7,2014-02-04 12:26:44,12.482113521196101,41.894225820497105,1
102189,7,2014-02-04 12:26:45,12.4821138445921,41.894334925684,1
102312,7,2014-02-04 12:26:47,12.482122243517098,41.894503642564295,1
102339,7,2014-02-04 12:26:47,12.482150702779801,41.89449402637421,1
102346,7,2014-02-04 12:26:47,12.48216117888,41.8944538114817,1
102367,7,2014-02-04 12:26:47,12.4821550736499,41.8944523795237,0
102381,7,2014-02-04 12:26:48,12.4821319112498,41.8945706382201,1
102382,7,2014-02-04 12:26:48,12.4820948815209,41.894564287878,1
102391,7,2014-02-04 12:26:48,12.4821181220691,41.894543340443796,1
102396,7,2014-02-04 12:26:48,12.482155944396,41.89458824082,1
102449,7,2014-02-04 12:26:49,12.482107796498001,41.8946319712458,1
102451,7,2014-02-04 12:26:49,12.4821040015607,41.8946882219804,1
102452,7,2014-02-04 12:26:49,12.482131683676698,41.8946650133083,1
102453,7,2014-02-04 12:26:49,12.482112104740699,41.8946573759302,1
102454,7,2014-02-04 12:26:49,12.4820864620383,41.894644701577796,1
102458,7,2014-02-04 12:26:49,12.482131553313101,41.8946214628945,1
102550,7,2014-02-04 12:26:50,12.4821050625053,41.894755207532,1
102552,7,2014-02-04 12:26:50,12.4821317546941,41.8947066494992,1
102553,7,2014-02-04 12:26:50,12.4821149339173,41.8946988756257,1
102574,7,2014-02-04 12:26:50,12.4821029820869,41.89473699078111,1
102639,7,2014-02-04 12:26:51,12.4821071753441,41.8947727283064,1
102640,7,2014-02-04 12:26:51,12.482084018210497,41.8948082728003,1
102641,7,2014-02-04 12:26:51,12.482108373136699,41.894814196394,1
102642,7,2014-02-04 12:26:51,12.482098412876,41.894830764835504,1
102676,7,2014-02-04 12:26:52,12.482119599907598,41.894893048094296,1
102677,7,2014-02-04 12:26:52,12.4820945968645,41.89489659496171,1
102678,7,2014-02-04 12:26:52,12.482083472542698,41.8948764907721,1
102679,7,2014-02-04 12:26:52,12.4820744740355,41.894856156128995,1
102682,7,2014-02-04 12:26:52,12.482095744317801,41.8948406005369,1
102730,7,2014-02-04 12:26:53,12.482124400355401,41.8949541678639,1
102731,7,2014-02-04 12:26:53,12.482113169297302,41.8949379721075,1
102733,7,2014-02-04 12:26:53,12.482112339209399,41.8949177380699,1
102741,7,2014-02-04 12:26:53,12.4821345771309,41.89490389134021,1
102784,7,2014-02-04 12:26:54,12.482065877450301,41.8950374314331,1
102801,7,2014-02-04 12:26:54,12.482075650076599,41.8950236449932,1
102804,7,2014-02-04 12:26:54,12.482093396928699,41.8950330645349,1
102805,7,2014-02-04 12:26:54,12.4820940297771,41.8950561427583,1
102829,7,2014-02-04 12:26:54,12.482104409830198,41.8950037684455,1
102833,7,2014-02-04 12:26:54,12.482123480587699,41.8949774298477,1
102834,7,2014-02-04 12:26:54,12.482090757184599,41.89500835375751,1
102835,7,2014-02-04 12:26:54,12.4820850126385,41.895015788777705,1
102842,7,2014-02-04 12:26:55,12.4821092185359,41.895066595254505,1
102843,7,2014-02-04 12:26:55,12.482095232813098,41.8950801208965,1
102844,7,2014-02-04 12:26:55,12.482101039920199,41.8950921720851,1
102845,7,2014-02-04 12:26:55,12.4820921554139,41.8950986487594,1
102848,7,2014-02-04 12:26:55,12.482125084421,41.8951148764558,1
102855,7,2014-02-04 12:26:55,12.482109480306196,41.8951150052793,1
102857,7,2014-02-04 12:26:55,12.482092763013501,41.895116603964,1
102941,7,2014-02-04 12:26:56,12.482145476679001,41.8951763544787,1
102943,7,2014-02-04 12:26:56,12.482133616191401,41.895168795340005,1
102944,7,2014-02-04 12:26:56,12.482144879282501,41.8951546598421,1
102945,7,2014-02-04 12:26:56,12.482145381670199,41.8951403188144,1
102946,7,2014-02-04 12:26:56,12.4821228395577,41.8951458779219,1
102947,7,2014-02-04 12:26:56,12.482105542781902,41.895137709045294,1
102949,7,2014-02-04 12:26:56,12.482105934782501,41.895146437862294,1
102950,7,2014-02-04 12:26:56,12.482134982063599,41.89512116118671,1
102952,7,2014-02-04 12:26:56,12.4821194721749,41.8951294956384,1
103004,7,2014-02-04 12:26:57,12.4821897850297,41.89519119670409,1
103005,7,2014-02-04 12:26:57,12.482158655836502,41.8952179774424,1
103012,7,2014-02-04 12:26:57,12.4821861622576,41.8952090892183,1
103017,7,2014-02-04 12:26:57,12.482217052858903,41.8952325497161,1
103018,7,2014-02-04 12:26:57,12.482184286687698,41.895234803439706,1
103019,7,2014-02-04 12:26:57,12.4821664508713,41.8952370978947,1
103021,7,2014-02-04 12:26:57,12.4821647225557,41.895181002678896,1
103034,7,2014-02-04 12:26:58,12.4821830945649,41.8953064626643,1
103035,7,2014-02-04 12:26:58,12.482199089699499,41.895295975227604,1
103036,7,2014-02-04 12:26:58,12.482199955692101,41.8952863915187,1
103038,7,2014-02-04 12:26:58,12.482222380553699,41.8952564271107,1
103085,7,2014-02-04 12:26:59,12.482198889756999,41.895317425608894,1
103086,7,2014-02-04 12:26:59,12.482162833450902,41.895375458344,1
103102,7,2014-02-04 12:26:59,12.482193409843301,41.8953402475146,1
103117,7,2014-02-04 12:26:59,12.482211604219101,41.8953308679573,1
103127,7,2014-02-04 12:27:00,12.4822636621258,41.8953965930646,1
103129,7,2014-02-04 12:27:00,12.4821950184356,41.8954030616778,1
103130,7,2014-02-04 12:27:00,12.4822882175105,41.8954119202799,1
103131,7,2014-02-04 12:27:00,12.482222074025302,41.8954037586173,1
103132,7,2014-02-04 12:27:00,12.4823216005055,41.895410083389294,1
103274,7,2014-02-04 12:27:02,12.4824714919758,41.8954720869727,0
103299,7,2014-02-04 12:27:02,12.482500913888499,41.8954845574576,1
103349,7,2014-02-04 12:27:03,12.4825345741312,41.8954850422791,1
103393,7,2014-02-04 12:27:04,12.4825591830128,41.895534155265295,1
103440,7,2014-02-04 12:27:05,12.4825564121558,41.895572394244496,1
103484,7,2014-02-04 12:27:06,12.482592569595498,41.89559066064579,1
103590,7,2014-02-04 12:27:07,12.482627623852697,41.895590303096704,1
103591,7,2014-02-04 12:27:07,12.482657160594801,41.8956055802353,1
103673,7,2014-02-04 12:27:08,12.4826837385375,41.895610210132496,1
103675,7,2014-02-04 12:27:08,12.4826707772052,41.8956315738807,1
103696,7,2014-02-04 12:27:09,12.4827012944655,41.8956561334411,1
103760,7,2014-02-04 12:27:09,12.482683257656698,41.8956754964165,1
103845,7,2014-02-04 12:27:10,12.482709645369999,41.895697826200795,1
103907,7,2014-02-04 12:27:11,12.4827504756566,41.8957011043361,1
103931,7,2014-02-04 12:27:12,12.4827795932001,41.8957247722492,1
103997,7,2014-02-04 12:27:13,12.482785197970099,41.895752754200394,1
104293,7,2014-02-04 12:27:17,12.4828733053654,41.8958639101234,0
105173,7,2014-02-04 12:27:32,12.482709334712697,41.8962950499378,0
105183,7,2014-02-04 12:27:32,12.4826370279402,41.8963387946262,1
105184,7,2014-02-04 12:27:32,12.482675581166598,41.8963091146369,1
105231,7,2014-02-04 12:27:33,12.4826391468905,41.8963995481665,1
105237,7,2014-02-04 12:27:33,12.4826386709705,41.8963780830175,1
105241,7,2014-02-04 12:27:33,12.482673703761,41.8963634526069,1
105288,7,2014-02-04 12:27:34,12.4826233524714,41.896436862409,1
105343,7,2014-02-04 12:27:35,12.482645423590698,41.896460757526,1
105435,7,2014-02-04 12:27:36,12.482652505550098,41.8964964910731,1
105441,7,2014-02-04 12:27:36,12.4826392976478,41.89651208823521,1
105520,7,2014-02-04 12:27:37,12.4825303214611,41.8965933524872,1
105522,7,2014-02-04 12:27:37,12.4825551694584,41.8965565205131,1
105527,7,2014-02-04 12:27:37,12.4825318961565,41.896574915797295,1
105537,7,2014-02-04 12:27:37,12.482594321052,41.89654021057769,1
105550,7,2014-02-04 12:27:38,12.482540716294697,41.8966321257557,1
105551,7,2014-02-04 12:27:38,12.482551717278,41.896606310934,1
105607,7,2014-02-04 12:27:39,12.4825863168719,41.896632578329,1
105687,7,2014-02-04 12:27:40,12.4825933837774,41.8966774744212,1
105688,7,2014-02-04 12:27:40,12.482571601457801,41.89667458868461,1
105708,7,2014-02-04 12:27:40,12.482617912520599,41.8966702466729,1
105772,7,2014-02-04 12:27:41,12.4825860262147,41.89671215811021,1
105829,7,2014-02-04 12:27:42,12.482593871933599,41.8967365881298,1
105831,7,2014-02-04 12:27:42,12.4826175674412,41.89674350039029,1
105832,7,2014-02-04 12:27:42,12.482607946819599,41.8967576765866,1
105937,7,2014-02-04 12:27:43,12.4826244667328,41.8967696496426,1
105987,7,2014-02-04 12:27:44,12.48263754824,41.8967864439868,1
105988,7,2014-02-04 12:27:44,12.482635842562699,41.8968190537242,1
105994,7,2014-02-04 12:27:44,12.482639770499599,41.896804147218496,1
106043,7,2014-02-04 12:27:45,12.4827029394507,41.896830963323104,1
106044,7,2014-02-04 12:27:45,12.4826995361129,41.89681388118721,1
106045,7,2014-02-04 12:27:45,12.482669172139099,41.896814784094,1
106168,7,2014-02-04 12:27:46,12.4827224637484,41.8968611243816,1
106174,7,2014-02-04 12:27:46,12.482718917147901,41.896840210391005,1
106241,7,2014-02-04 12:27:47,12.482762963431098,41.8968713346553,1
106316,7,2014-02-04 12:27:49,12.482924909747501,41.896888147491005,0
106318,7,2014-02-04 12:27:49,12.483033136257601,41.8968941191481,1
106338,7,2014-02-04 12:27:49,12.4829350071948,41.896881966686,1
106340,7,2014-02-04 12:27:49,12.4829988395859,41.8969007472774,1
106343,7,2014-02-04 12:27:49,12.482967253629699,41.8968827596435,1
106366,7,2014-02-04 12:27:49,12.4830075395242,41.8968867712056,1
106372,7,2014-02-04 12:27:50,12.483083627128902,41.8969509019792,1
106400,7,2014-02-04 12:27:50,12.483040924737198,41.8969221332502,1
106401,7,2014-02-04 12:27:50,12.4830509148554,41.896932078670396,1
106402,7,2014-02-04 12:27:50,12.483059864896,41.8969344061092,1
106403,7,2014-02-04 12:27:50,12.4830775144619,41.8969344130703,1
106411,7,2014-02-04 12:27:50,12.483037160337,41.896914506179,1
106429,7,2014-02-04 12:27:50,12.4830941633385,41.896953355815,1
106446,7,2014-02-04 12:27:51,12.483147864377804,41.8969617114802,1
106447,7,2014-02-04 12:27:51,12.4831556154038,41.896926585138395,1
106460,7,2014-02-04 12:27:51,12.483207357869404,41.8969123742799,1
106461,7,2014-02-04 12:27:51,12.4831850257101,41.8969307041621,1
106463,7,2014-02-04 12:27:51,12.483223176226401,41.8969056849886,1
106474,7,2014-02-04 12:27:51,12.4832346897519,41.8968999992909,1
106504,7,2014-02-04 12:27:51,12.4832381330967,41.8968862048095,1
106522,7,2014-02-04 12:27:52,12.4833557845364,41.8968996273165,1
106524,7,2014-02-04 12:27:52,12.483268173297803,41.89689135288671,1
106547,7,2014-02-04 12:27:52,12.4833296770838,41.896905765931,1
106552,7,2014-02-04 12:27:52,12.483309610466303,41.89689797661921,1
106557,7,2014-02-04 12:27:52,12.4832991095275,41.8969093823855,1
106558,7,2014-02-04 12:27:52,12.4832836053614,41.8969011687009,1
106560,7,2014-02-04 12:27:52,12.483280749159801,41.8968903530926,1
106629,7,2014-02-04 12:27:53,12.4834321685902,41.8969277676876,1
106636,7,2014-02-04 12:27:53,12.483468972589,41.8968985923995,1
106637,7,2014-02-04 12:27:53,12.4833993279605,41.8969130041772,1
106638,7,2014-02-04 12:27:53,12.4833857132173,41.8968907616283,1
106644,7,2014-02-04 12:27:54,12.483584090092304,41.8968982848582,1
106646,7,2014-02-04 12:27:54,12.483565095808599,41.8969184247094,1
106662,7,2014-02-04 12:27:54,12.483497258789999,41.8969025795384,1
106693,7,2014-02-04 12:27:54,12.4835248211023,41.8969116422628,1
106705,7,2014-02-04 12:27:55,12.4836308316392,41.8969253100992,1
106706,7,2014-02-04 12:27:55,12.4836435781382,41.896919697533,1
106707,7,2014-02-04 12:27:55,12.483660244226101,41.89690960038861,1
106708,7,2014-02-04 12:27:55,12.483684044628804,41.89689414252421,1
106709,7,2014-02-04 12:27:55,12.483714895082601,41.8968993648921,1
106796,7,2014-02-04 12:27:56,12.483824052928501,41.8969159277426,1
106797,7,2014-02-04 12:27:56,12.4837975542688,41.8969410646815,1
106798,7,2014-02-04 12:27:56,12.483762720368302,41.89693488410671,1
106799,7,2014-02-04 12:27:56,12.483728182637,41.896948576325606,1
106855,7,2014-02-04 12:27:57,12.4838790096334,41.8969131459424,1
106856,7,2014-02-04 12:27:57,12.4839119444506,41.8969269128674,1
106920,7,2014-02-04 12:27:58,12.483980831535304,41.8969362227997,1
106921,7,2014-02-04 12:27:58,12.4840244604225,41.8969469683683,1
106922,7,2014-02-04 12:27:58,12.4840560245822,41.896907603037796,1
106986,7,2014-02-04 12:27:59,12.4841277021915,41.8969258200377,1
106995,7,2014-02-04 12:27:59,12.4841572710911,41.8969569320247,1
107004,7,2014-02-04 12:28:00,12.4842324617996,41.896987236632796,1
107032,7,2014-02-04 12:28:00,12.484187689561699,41.8969498827249,1
107033,7,2014-02-04 12:28:00,12.484263715373599,41.89694877358821,1
107102,7,2014-02-04 12:28:01,12.4842818718014,41.8970458244367,1
107112,7,2014-02-04 12:28:01,12.484302233357198,41.8970564223893,1
107114,7,2014-02-04 12:28:01,12.4843317037096,41.8970465534475,1
107117,7,2014-02-04 12:28:02,12.4843827269146,41.8970540095008,1
107126,7,2014-02-04 12:28:02,12.4843783206057,41.8970861291873,1
107128,7,2014-02-04 12:28:02,12.4844085406372,41.8970984529814,1
107129,7,2014-02-04 12:28:02,12.484442750160198,41.89711245134521,1
107260,7,2014-02-04 12:28:04,12.484597501456802,41.8971305408249,1
107284,7,2014-02-04 12:28:04,12.4845871823094,41.89713286253,0
107286,7,2014-02-04 12:28:04,12.484689180925699,41.8971358137737,1
107287,7,2014-02-04 12:28:04,12.484650162467801,41.89714179778821,1
107337,7,2014-02-04 12:28:05,12.484867245471401,41.8971811477484,1
107338,7,2014-02-04 12:28:05,12.484794455698099,41.8971524902209,1
107339,7,2014-02-04 12:28:05,12.4847658391964,41.8971471598055,1
107340,7,2014-02-04 12:28:05,12.4847308480936,41.8971296496655,1
107345,7,2014-02-04 12:28:05,12.484894637897101,41.8971949727189,1
107357,7,2014-02-04 12:28:05,12.4848464290713,41.8971663935716,1
107394,7,2014-02-04 12:28:06,12.485033587171301,41.897201953990795,1
107395,7,2014-02-04 12:28:06,12.4850540948598,41.8971894951651,1
107401,7,2014-02-04 12:28:06,12.4850026353894,41.8971869427332,1
107412,7,2014-02-04 12:28:06,12.484969869802802,41.8971910969586,1
107421,7,2014-02-04 12:28:06,12.4849232518204,41.8971742363367,1
107432,7,2014-02-04 12:28:06,12.485049217636499,41.897169517817204,1
107491,7,2014-02-04 12:28:07,12.4850822708022,41.897166631896404,1
107492,7,2014-02-04 12:28:07,12.485092653082399,41.8971488150827,1
107493,7,2014-02-04 12:28:07,12.4851173377629,41.8971460726526,1
107494,7,2014-02-04 12:28:07,12.485157047516001,41.8971417458035,1
107563,7,2014-02-04 12:28:08,12.4852531600058,41.8970909340229,1
107565,7,2014-02-04 12:28:08,12.4852199981686,41.8971191206691,1
107566,7,2014-02-04 12:28:08,12.485177221816599,41.897131491507295,1
107589,7,2014-02-04 12:28:09,12.485291222026902,41.89704498347579,1
107590,7,2014-02-04 12:28:09,12.4852647157845,41.8969823993208,1
107667,7,2014-02-04 12:28:10,12.485280377785196,41.8969532799977,1
107668,7,2014-02-04 12:28:10,12.4852600617632,41.89692173661761,1
107669,7,2014-02-04 12:28:10,12.485256276479099,41.8969001068971,1
107670,7,2014-02-04 12:28:10,12.485267895301002,41.896882658325296,1
107671,7,2014-02-04 12:28:10,12.4852904376247,41.8968946905495,1
107674,7,2014-02-04 12:28:10,12.485309738051901,41.8969084819821,1
107717,7,2014-02-04 12:28:11,12.485422957688598,41.8968529393896,1
107729,7,2014-02-04 12:28:11,12.4853824763326,41.8968183345605,1
107730,7,2014-02-04 12:28:11,12.485344523416199,41.896792973495295,1
107732,7,2014-02-04 12:28:11,12.4853152046064,41.8967825183209,1
107734,7,2014-02-04 12:28:11,12.485302241601698,41.8967972389244,1
107736,7,2014-02-04 12:28:11,12.485321091839399,41.8968372043305,1
107738,7,2014-02-04 12:28:11,12.485301280190999,41.896856912679795,1
107810,7,2014-02-04 12:28:12,12.485438694633801,41.896764124100706,1
107856,7,2014-02-04 12:28:13,12.4854338001301,41.8966923505234,1
107940,7,2014-02-04 12:28:14,12.4854684186126,41.89655205713871,1
107942,7,2014-02-04 12:28:14,12.4854363487381,41.8965502182888,1
107943,7,2014-02-04 12:28:14,12.4854087696386,41.89657303264771,1
107945,7,2014-02-04 12:28:14,12.485408129231999,41.896594747371104,1
107952,7,2014-02-04 12:28:15,12.485434170203,41.8964730726974,1
107953,7,2014-02-04 12:28:15,12.485420893250401,41.8964972729992,1
107965,7,2014-02-04 12:28:15,12.485444483574,41.896442465103796,1
107967,7,2014-02-04 12:28:15,12.4854593436363,41.896476428592294,1
108064,7,2014-02-04 12:28:17,12.485439066689901,41.8963306761731,0
108090,7,2014-02-04 12:28:17,12.485497694277502,41.896334385273796,1
108091,7,2014-02-04 12:28:17,12.485460976384001,41.8963385632342,1
108134,7,2014-02-04 12:28:18,12.4856057926923,41.89629419728821,1
108147,7,2014-02-04 12:28:18,12.485573295958,41.8963199104236,1
108153,7,2014-02-04 12:28:18,12.4855258654051,41.8963289880095,1
108157,7,2014-02-04 12:28:18,12.4855379995139,41.896314751353394,1
108177,7,2014-02-04 12:28:19,12.4856317873351,41.8962879503964,1
108178,7,2014-02-04 12:28:19,12.4856400561696,41.8962667258586,1
108179,7,2014-02-04 12:28:19,12.4856543520719,41.896235655186295,1
108247,7,2014-02-04 12:28:20,12.4856711254665,41.89621184721409,1
108248,7,2014-02-04 12:28:20,12.4857051841224,41.8962357689145,1
108249,7,2014-02-04 12:28:20,12.485726482265804,41.8962145631966,1
108343,7,2014-02-04 12:28:21,12.4857544864469,41.8961908628675,1
108348,7,2014-02-04 12:28:21,12.485783934230799,41.8961797330163,1
108350,7,2014-02-04 12:28:21,12.485807010452303,41.89619318866379,1
108353,7,2014-02-04 12:28:21,12.4858406742082,41.8961973056443,1
108379,7,2014-02-04 12:28:22,12.485922324735999,41.8962274899727,1
108380,7,2014-02-04 12:28:22,12.4858985776073,41.896191284101,1
108442,7,2014-02-04 12:28:23,12.486025033706904,41.896268847101,1
108443,7,2014-02-04 12:28:23,12.4860023567361,41.896290521324396,1
108444,7,2014-02-04 12:28:23,12.485956510599804,41.8962583322476,1
108490,7,2014-02-04 12:28:24,12.4860524755229,41.896248642774786,1
108491,7,2014-02-04 12:28:24,12.4860559429323,41.8962168261194,1
108492,7,2014-02-04 12:28:24,12.486104202583697,41.896232420831396,1
108597,7,2014-02-04 12:28:25,12.486180829290399,41.896241141392295,1
108599,7,2014-02-04 12:28:25,12.486198204956,41.8962789786881,1
108604,7,2014-02-04 12:28:25,12.486143511005599,41.8962467323307,1
108637,7,2014-02-04 12:28:26,12.4862773753719,41.8962691405882,1
108643,7,2014-02-04 12:28:26,12.4862963341337,41.89627512767769,1
108645,7,2014-02-04 12:28:26,12.486265568223901,41.896276783024,1
108647,7,2014-02-04 12:28:26,12.486254857890401,41.8962847473249,1
108648,7,2014-02-04 12:28:26,12.4862406886574,41.8962789321381,1
108649,7,2014-02-04 12:28:26,12.4862246492949,41.8962949959073,1
108656,7,2014-02-04 12:28:27,12.486334356372302,41.8962647883916,1
108660,7,2014-02-04 12:28:27,12.4863769542571,41.8962939843825,1
108662,7,2014-02-04 12:28:27,12.486365917532499,41.8962712591595,1
108697,7,2014-02-04 12:28:28,12.486424503940404,41.8962479763728,1
108698,7,2014-02-04 12:28:28,12.486384465752304,41.8962364427621,1
108769,7,2014-02-04 12:28:29,12.4865147342983,41.89629226888809,1
108770,7,2014-02-04 12:28:29,12.4865517891613,41.89631483180671,1
108773,7,2014-02-04 12:28:29,12.4864779273416,41.8962858222496,1
108778,7,2014-02-04 12:28:29,12.4864658384886,41.89621612984929,1
108839,7,2014-02-04 12:28:30,12.4865828665879,41.896327328358296,1
108864,7,2014-02-04 12:28:30,12.4865909641628,41.896297574142,1
108867,7,2014-02-04 12:28:30,12.486634721464,41.8962882694754,1
108886,7,2014-02-04 12:28:31,12.4866485828425,41.896281587221104,1
108979,7,2014-02-04 12:28:33,12.486810720671802,41.8962388476369,0
108980,7,2014-02-04 12:28:33,12.4869111710161,41.896233916046704,1
108994,7,2014-02-04 12:28:33,12.486865671705699,41.8962411824149,1
108997,7,2014-02-04 12:28:33,12.486849083377399,41.8962238824406,1
109056,7,2014-02-04 12:28:34,12.4869522638532,41.8963155587082,1
109059,7,2014-02-04 12:28:34,12.487012101189404,41.896307952854,1
109085,7,2014-02-04 12:28:34,12.486968220260401,41.8962917357355,1
109086,7,2014-02-04 12:28:34,12.4869410214587,41.8962664736705,1
109126,7,2014-02-04 12:28:35,12.487031897171304,41.8964141549869,1
109127,7,2014-02-04 12:28:35,12.4870300404785,41.896377616802894,1
109129,7,2014-02-04 12:28:35,12.487020542258598,41.896340341179,1
109187,7,2014-02-04 12:28:36,12.4870754107619,41.896419151276,1
109194,7,2014-02-04 12:28:36,12.487108310259199,41.896445663791,1
109210,7,2014-02-04 12:28:37,12.487082880601001,41.8964933513662,1
109211,7,2014-02-04 12:28:37,12.4870700986236,41.8965210978875,1
109212,7,2014-02-04 12:28:37,12.487118059603699,41.8965297117584,1
109220,7,2014-02-04 12:28:37,12.487159344298501,41.8965033386233,1
109289,7,2014-02-04 12:28:38,12.487129139314,41.8965861875565,1
109290,7,2014-02-04 12:28:38,12.4871459341324,41.896605728601706,1
109291,7,2014-02-04 12:28:38,12.4871275766222,41.89665215088721,1
109349,7,2014-02-04 12:28:39,12.487120530339599,41.8967195461562,1
109350,7,2014-02-04 12:28:39,12.487090299791602,41.8967077607775,1
109352,7,2014-02-04 12:28:39,12.487094335491,41.8966890484285,1
109353,7,2014-02-04 12:28:39,12.4871414682287,41.8967454004526,1
109358,7,2014-02-04 12:28:40,12.487206462501199,41.8967769344198,1
109367,7,2014-02-04 12:28:40,12.487189989161902,41.8967374714604,1
109399,7,2014-02-04 12:28:40,12.487240341926201,41.8967974368497,1
109415,7,2014-02-04 12:28:41,12.4872480877979,41.8968281964097,1
109438,7,2014-02-04 12:28:41,12.4872603266282,41.896864276512105,1
109445,7,2014-02-04 12:28:41,12.4872738570297,41.8968443198827,1
109473,7,2014-02-04 12:28:42,12.4873381878422,41.8969114325004,1
109474,7,2014-02-04 12:28:42,12.487359473085403,41.896878902412794,1
109479,7,2014-02-04 12:28:42,12.4873034022832,41.8968723786923,1
109485,7,2014-02-04 12:28:42,12.4873314709496,41.89687714609221,1
109514,7,2014-02-04 12:28:43,12.487380854161199,41.8969286872689,1
109515,7,2014-02-04 12:28:43,12.487424006886101,41.8969184579249,1
109516,7,2014-02-04 12:28:43,12.4874563566166,41.896937257333995,1
109518,7,2014-02-04 12:28:43,12.4875584381687,41.896890078919895,1
109524,7,2014-02-04 12:28:43,12.487489720174803,41.8969030652289,1
109593,7,2014-02-04 12:28:44,12.4875958005111,41.896995784567,1
109594,7,2014-02-04 12:28:44,12.487592064593803,41.896965967530704,1
109595,7,2014-02-04 12:28:44,12.487569673258701,41.896938146806995,1
109610,7,2014-02-04 12:28:45,12.487613417780096,41.89703424358829,1
109708,7,2014-02-04 12:28:47,12.4877575328058,41.897161867861705,1
109709,7,2014-02-04 12:28:47,12.4877382803419,41.8971154617513,1
109720,7,2014-02-04 12:28:47,12.4877253553137,41.8971311119889,0
109722,7,2014-02-04 12:28:47,12.4878555006902,41.8971497920936,1
109723,7,2014-02-04 12:28:47,12.4878095384585,41.8971902022499,1
109769,7,2014-02-04 12:28:48,12.487909662560199,41.8972576631472,1
109770,7,2014-02-04 12:28:48,12.4878710960443,41.897230775847,1
109833,7,2014-02-04 12:28:49,12.487956146514001,41.897308607387295,1
109837,7,2014-02-04 12:28:49,12.4879818560938,41.897329225079105,1
109838,7,2014-02-04 12:28:49,12.48797017,41.89733265,1
109840,7,2014-02-04 12:28:49,12.4879556703052,41.897276799496005,1
109841,7,2014-02-04 12:28:49,12.4880062860574,41.8972972760055,1
109850,7,2014-02-04 12:28:49,12.488056109884301,41.897276590005795,1
109874,7,2014-02-04 12:28:50,12.48822542,41.89725797,1
109875,7,2014-02-04 12:28:50,12.4881246650342,41.8972815375105,1
109949,7,2014-02-04 12:28:51,12.4882901066821,41.8973074311999,1
110010,7,2014-02-04 12:28:52,12.488374369806001,41.897367016914394,1
110024,7,2014-02-04 12:28:52,12.488385015681803,41.89743347008511,1
110068,7,2014-02-04 12:28:53,12.488418335387001,41.897502352831395,1
110069,7,2014-02-04 12:28:53,12.4884146844347,41.8975546505659,1
110070,7,2014-02-04 12:28:53,12.4884141927404,41.8975994202539,1
110083,7,2014-02-04 12:28:54,12.488466341010401,41.89763355315461,1
110094,7,2014-02-04 12:28:54,12.4885502215799,41.897655489402,1
110098,7,2014-02-04 12:28:54,12.4885012475527,41.897604295447,1
110099,7,2014-02-04 12:28:54,12.488418910306802,41.897639494920796,1
110166,7,2014-02-04 12:28:55,12.4885997959882,41.8977537869864,1
110167,7,2014-02-04 12:28:55,12.488523397564304,41.8977190996177,1
110197,7,2014-02-04 12:28:56,12.488687020716501,41.897759602379,1
110198,7,2014-02-04 12:28:56,12.488795392558599,41.8977203953644,1
110206,7,2014-02-04 12:28:56,12.4887569282669,41.8977639387197,1
110296,7,2014-02-04 12:28:57,12.488830471361599,41.89780461893,1
110299,7,2014-02-04 12:28:57,12.4888655067346,41.897819788296,1
110300,7,2014-02-04 12:28:57,12.4889047023353,41.8978326056096,1
110362,7,2014-02-04 12:28:58,12.488992613652,41.897894097062,1
110365,7,2014-02-04 12:28:58,12.488937560345097,41.8978842604886,1
110408,7,2014-02-04 12:28:59,12.489004247955101,41.8979560296547,1
110409,7,2014-02-04 12:28:59,12.489006522286301,41.898042253631296,1
110410,7,2014-02-04 12:28:59,12.489003711128301,41.898017629330795,1
110414,7,2014-02-04 12:28:59,12.489009832003,41.8979926256849,1
110483,7,2014-02-04 12:29:00,12.489052542783801,41.8980750344804,1
110484,7,2014-02-04 12:29:00,12.4891191362924,41.898102331027104,1
110550,7,2014-02-04 12:29:01,12.4892176940056,41.8981449099239,1
110570,7,2014-02-04 12:29:01,12.4891677191851,41.8980822383098,1
110571,7,2014-02-04 12:29:01,12.4891773450583,41.898107854203,1
110575,7,2014-02-04 12:29:01,12.4891718448578,41.8981371162313,1
110677,7,2014-02-04 12:29:03,12.4893637150043,41.89824061427029,1
110678,7,2014-02-04 12:29:03,12.489422298967801,41.8982430361211,1
110681,7,2014-02-04 12:29:03,12.4893476745856,41.89823389779529,0
110743,7,2014-02-04 12:29:04,12.4894673375734,41.8982646230405,1
110745,7,2014-02-04 12:29:04,12.4894838962815,41.89823220506671,1
110792,7,2014-02-04 12:29:05,12.489604071865099,41.8982410813409,1
110793,7,2014-02-04 12:29:05,12.489574890703402,41.8982542412391,1
110794,7,2014-02-04 12:29:05,12.489531494441199,41.89828376418721,1
110804,7,2014-02-04 12:29:05,12.4896188918418,41.8982183981161,1
110929,7,2014-02-04 12:29:07,12.489718296094901,41.8982102262272,1
110945,7,2014-02-04 12:29:07,12.489698203784899,41.8983318501856,1
110979,7,2014-02-04 12:29:08,12.4896749343389,41.8984461989884,1
110981,7,2014-02-04 12:29:08,12.4896987632273,41.8983900398269,1
111043,7,2014-02-04 12:29:09,12.489775914607101,41.898469333829496,1
111049,7,2014-02-04 12:29:09,12.4897359764621,41.8984645604303,1
111158,7,2014-02-04 12:29:10,12.4898650166282,41.898448654499504,1
111175,7,2014-02-04 12:29:10,12.489787910564498,41.8985044480679,1
111178,7,2014-02-04 12:29:10,12.4898236483274,41.8984831121969,1
111207,7,2014-02-04 12:29:11,12.489937627823696,41.8984551801344,1
111278,7,2014-02-04 12:29:12,12.4900042141623,41.8985613763271,1
111281,7,2014-02-04 12:29:12,12.489975118368001,41.8985166880132,1
111309,7,2014-02-04 12:29:13,12.49004883105,41.8986091879234,1
111332,7,2014-02-04 12:29:13,12.4900191257465,41.8985809610884,1
111373,7,2014-02-04 12:29:14,12.490128269498198,41.8986624481642,1
111378,7,2014-02-04 12:29:14,12.490100494402098,41.8986580029325,1
111422,7,2014-02-04 12:29:14,12.4900859763556,41.8986259735791,1
111423,7,2014-02-04 12:29:14,12.4900709570603,41.8986258266395,1
111465,7,2014-02-04 12:29:15,12.490172744379,41.8986627246995,1
111581,7,2014-02-04 12:29:17,12.490309927216899,41.89868057949771,0
111604,7,2014-02-04 12:29:17,12.4902923456058,41.8988011732,1
111605,7,2014-02-04 12:29:17,12.490308967016599,41.8987407926913,1
111618,7,2014-02-04 12:29:17,12.490266317326698,41.8989004630744,1
111620,7,2014-02-04 12:29:17,12.4902903702887,41.89883986430471,1
111627,7,2014-02-04 12:29:17,12.490284325840301,41.89887317756169,1
111632,7,2014-02-04 12:29:18,12.490292153888301,41.898928957076,1
111646,7,2014-02-04 12:29:18,12.4902824772953,41.8989619886588,1
111653,7,2014-02-04 12:29:18,12.490298916682804,41.89898845801579,1
111672,7,2014-02-04 12:29:19,12.490398008771301,41.899027341556796,1
111681,7,2014-02-04 12:29:19,12.490316623324802,41.8990332424137,1
111727,7,2014-02-04 12:29:20,12.4905335009081,41.8990168909793,1
111728,7,2014-02-04 12:29:20,12.490555618080599,41.899037008987,1
111731,7,2014-02-04 12:29:20,12.4904528365237,41.8990362766379,1
111732,7,2014-02-04 12:29:20,12.490498016649699,41.8990342957304,1
111739,7,2014-02-04 12:29:20,12.4905644832655,41.89905737560071,1
111740,7,2014-02-04 12:29:20,12.490592496103199,41.89904075516,1
111741,7,2014-02-04 12:29:20,12.4906091887301,41.8990256488794,1
111828,7,2014-02-04 12:29:21,12.490626679217,41.899048675719904,1
111832,7,2014-02-04 12:29:21,12.4906804846432,41.8990577841914,1
111836,7,2014-02-04 12:29:21,12.4907245648783,41.89904801188921,1
111926,7,2014-02-04 12:29:22,12.490832290873401,41.8991161843902,1
111927,7,2014-02-04 12:29:22,12.490777837381899,41.8991169555916,1
111928,7,2014-02-04 12:29:22,12.4907418413079,41.899089122794706,1
111952,7,2014-02-04 12:29:23,12.490928568884001,41.8991711677564,1
111953,7,2014-02-04 12:29:23,12.490974810532501,41.8991696561153,1
111954,7,2014-02-04 12:29:23,12.4908961124798,41.8991200420369,1
112070,7,2014-02-04 12:29:24,12.4910017216744,41.899199618009,1
112072,7,2014-02-04 12:29:24,12.491026764217501,41.8991868824088,1
112073,7,2014-02-04 12:29:24,12.4910753278206,41.8992113268929,1
112097,7,2014-02-04 12:29:25,12.4911143560799,41.899309340641,1
112101,7,2014-02-04 12:29:25,12.491137984790196,41.899332721975895,1
112110,7,2014-02-04 12:29:25,12.4911177096691,41.899252832690294,1
112129,7,2014-02-04 12:29:25,12.4910890310021,41.8993010503455,1
112136,7,2014-02-04 12:29:26,12.491156964961,41.8993650303055,1
112140,7,2014-02-04 12:29:26,12.4911834641213,41.8993798166845,1
112143,7,2014-02-04 12:29:26,12.4912180773227,41.89941068267,1
112147,7,2014-02-04 12:29:26,12.4911358954406,41.89936613505579,1
112150,7,2014-02-04 12:29:26,12.491130498532698,41.899349815205795,1
112175,7,2014-02-04 12:29:26,12.491175551513901,41.8993538922184,1
112210,7,2014-02-04 12:29:27,12.4913050806478,41.8994598872466,1
112211,7,2014-02-04 12:29:27,12.4912931759535,41.8994864198081,1
112219,7,2014-02-04 12:29:27,12.4912815392347,41.8994544111748,1
112221,7,2014-02-04 12:29:27,12.491243990996699,41.899431191589706,1
112226,7,2014-02-04 12:29:27,12.491254892727499,41.899460110690896,1
112252,7,2014-02-04 12:29:28,12.4913361290345,41.8994882748486,1
112253,7,2014-02-04 12:29:28,12.491337894592302,41.89950637039721,1
112255,7,2014-02-04 12:29:28,12.491347896372302,41.89952081695879,1
112256,7,2014-02-04 12:29:28,12.4913892813908,41.8995200745041,1
112258,7,2014-02-04 12:29:28,12.491458863614302,41.8995121762399,1
112259,7,2014-02-04 12:29:28,12.491458920318804,41.89949688407321,1
112260,7,2014-02-04 12:29:28,12.4914353215429,41.8995005018195,1
112275,7,2014-02-04 12:29:29,12.4914809657372,41.899519201261896,1
112277,7,2014-02-04 12:29:29,12.491553902570699,41.89951732530661,1
112283,7,2014-02-04 12:29:29,12.4915887070454,41.8995348961934,1
112284,7,2014-02-04 12:29:29,12.4915314570467,41.8995381528283,1
112285,7,2014-02-04 12:29:29,12.491518990737903,41.8995329838756,1
112286,7,2014-02-04 12:29:29,12.4915109747349,41.8995038551033,1
112331,7,2014-02-04 12:29:30,12.4916868670046,41.89959065321301,1
112332,7,2014-02-04 12:29:30,12.491695169170802,41.8995537839002,1
112333,7,2014-02-04 12:29:30,12.491648136593303,41.899563743997795,1
112334,7,2014-02-04 12:29:30,12.491603534595,41.8995639089155,1
112400,7,2014-02-04 12:29:31,12.4917283048192,41.899619854299004,1
112472,7,2014-02-04 12:29:32,12.4918084584109,41.8997551596106,1
112473,7,2014-02-04 12:29:32,12.491825843364902,41.8997239484975,1
112476,7,2014-02-04 12:29:32,12.4917728845997,41.899713163636,0
112539,7,2014-02-04 12:29:33,12.4918072521474,41.8997923004848,1
112540,7,2014-02-04 12:29:33,12.4918476998175,41.89978331187661,1
112543,7,2014-02-04 12:29:33,12.491879108571801,41.89976200877889,1
112544,7,2014-02-04 12:29:33,12.4919080092556,41.899784660402396,1
112562,7,2014-02-04 12:29:34,12.492001640197401,41.8998120569079,1
112603,7,2014-02-04 12:29:34,12.491936153800099,41.8998181501183,1
112660,7,2014-02-04 12:29:35,12.492032611496501,41.899865629924996,1
112668,7,2014-02-04 12:29:35,12.492009969170699,41.8998551085951,1
112671,7,2014-02-04 12:29:36,12.4920815377059,41.899891468551104,1
112678,7,2014-02-04 12:29:36,12.492088618498,41.899926069702396,1
112745,7,2014-02-04 12:29:37,12.4921046719652,41.8999502277291,1
112746,7,2014-02-04 12:29:37,12.492133971005199,41.899954450709,1
112747,7,2014-02-04 12:29:37,12.492145978721199,41.8999459742069,1
112748,7,2014-02-04 12:29:37,12.4921609314889,41.899938805324,1
112749,7,2014-02-04 12:29:37,12.492189899730501,41.8999528104545,1
112834,7,2014-02-04 12:29:38,12.4921867974703,41.899977021988796,1
112837,7,2014-02-04 12:29:38,12.4922021268437,41.8999847278767,1
112838,7,2014-02-04 12:29:38,12.4922032584249,41.90000288367671,1
112839,7,2014-02-04 12:29:38,12.492216867765801,41.9000356393344,1
112861,7,2014-02-04 12:29:39,12.492220371262801,41.9000773367012,1
112914,7,2014-02-04 12:29:40,12.4923470552948,41.90012487767989,1
112917,7,2014-02-04 12:29:40,12.492338614019301,41.900096281058396,1
112918,7,2014-02-04 12:29:40,12.4923015592806,41.9001158969075,1
112919,7,2014-02-04 12:29:40,12.492262858289699,41.900108401130296,1
112976,7,2014-02-04 12:29:41,12.4924453698635,41.9001519944414,1
113026,7,2014-02-04 12:29:41,12.492392444194698,41.9001548466261,1
113027,7,2014-02-04 12:29:41,12.4923993965641,41.9001364971151,1
113028,7,2014-02-04 12:29:41,12.4923867821654,41.9001281485087,1
113100,7,2014-02-04 12:29:42,12.4925310883335,41.90013851966921,1
113104,7,2014-02-04 12:29:42,12.4924969641435,41.90016295423671,1
113129,7,2014-02-04 12:29:43,12.492554405217,41.900188951356796,1
113131,7,2014-02-04 12:29:43,12.492610452642904,41.9001985558239,1
113179,7,2014-02-04 12:29:44,12.4925930070073,41.9002521782917,1
113181,7,2014-02-04 12:29:44,12.492574843787,41.9002833519163,1
113244,7,2014-02-04 12:29:45,12.4926173822752,41.900320367454704,1
113457,7,2014-02-04 12:29:47,12.4927744944405,41.900385527037,0
114359,7,2014-02-04 12:30:02,12.492791595695,41.9003913435298,0
115551,7,2014-02-04 12:30:18,12.492791595695,41.9003913435298,0
116603,7,2014-02-04 12:30:32,12.493089094024599,41.9005626529755,0
116604,7,2014-02-04 12:30:32,12.4931477921011,41.9005982188666,1
116605,7,2014-02-04 12:30:32,12.4931460022095,41.900562674464105,1
116606,7,2014-02-04 12:30:32,12.493123808122801,41.9005576879053,1
116684,7,2014-02-04 12:30:33,12.4931857550574,41.9006005173884,1
116685,7,2014-02-04 12:30:33,12.493227662481699,41.9005723327461,1
116690,7,2014-02-04 12:30:33,12.4932595225017,41.9005842130293,1
116708,7,2014-02-04 12:30:33,12.4931584235341,41.9006214349217,1
116759,7,2014-02-04 12:30:34,12.4932843499061,41.9006469041399,1
116805,7,2014-02-04 12:30:34,12.493252691875696,41.900618184119104,1
116866,7,2014-02-04 12:30:35,12.4933302436966,41.900715575124,1
116867,7,2014-02-04 12:30:35,12.493285652607998,41.9007038412459,1
116870,7,2014-02-04 12:30:35,12.4932845388101,41.9006746374391,1
116953,7,2014-02-04 12:30:36,12.493375857054401,41.9007585474051,1
116977,7,2014-02-04 12:30:37,12.4933879841987,41.90083040456479,1
116980,7,2014-02-04 12:30:37,12.4933586414664,41.9008065582124,1
117062,7,2014-02-04 12:30:38,12.4933817947066,41.900866902749904,1
117077,7,2014-02-04 12:30:38,12.4933999072418,41.90086882081821,1
117097,7,2014-02-04 12:30:38,12.493420367772698,41.90087305511221,1
117159,7,2014-02-04 12:30:39,12.493464473922696,41.900909999878,1
117162,7,2014-02-04 12:30:39,12.4934294049756,41.900905694078496,1
117243,7,2014-02-04 12:30:40,12.493493711509199,41.9009263964254,1
117245,7,2014-02-04 12:30:40,12.4935226612561,41.9009546481472,1
117247,7,2014-02-04 12:30:40,12.4935336373276,41.9009239988326,1
117252,7,2014-02-04 12:30:41,12.493590053652001,41.9009434963181,1
117264,7,2014-02-04 12:30:41,12.4936367019906,41.9009535016123,1
117295,7,2014-02-04 12:30:41,12.493683131609002,41.9009256647593,1
117347,7,2014-02-04 12:30:42,12.493775228543901,41.900967231848604,1
117350,7,2014-02-04 12:30:42,12.493717002804,41.9009823321316,1
117386,7,2014-02-04 12:30:43,12.4937318437887,41.9010619082876,1
117394,7,2014-02-04 12:30:43,12.493739652054,41.9010388777152,1
117465,7,2014-02-04 12:30:44,12.493781729605999,41.9010731293365,1
117499,7,2014-02-04 12:30:45,12.493819970555403,41.90111468622921,1
117625,7,2014-02-04 12:30:47,12.4938794797272,41.9012161643761,1
117626,7,2014-02-04 12:30:47,12.4939367036037,41.9011805436178,1
117627,7,2014-02-04 12:30:47,12.493978868317098,41.901204112797,1
117630,7,2014-02-04 12:30:47,12.493878348552599,41.901217301166895,0
117690,7,2014-02-04 12:30:48,12.4940538895263,41.9012247735206,1
117696,7,2014-02-04 12:30:48,12.494039737690198,41.9011878362593,1
117727,7,2014-02-04 12:30:49,12.4940862518255,41.901269348178,1
117784,7,2014-02-04 12:30:50,12.494143362545302,41.9012527090577,1
117859,7,2014-02-04 12:30:51,12.494171419972,41.901354548537505,1
117860,7,2014-02-04 12:30:51,12.4941817586904,41.901314256152794,1
117924,7,2014-02-04 12:30:52,12.4942280771711,41.9014243884543,1
117927,7,2014-02-04 12:30:52,12.4942218040294,41.9014075719911,1
117928,7,2014-02-04 12:30:52,12.4942132863085,41.9014009734694,1
117933,7,2014-02-04 12:30:52,12.494199589895,41.901382381916,1
117972,7,2014-02-04 12:30:53,12.4943062215572,41.9013953095259,1
117979,7,2014-02-04 12:30:53,12.494363295507501,41.9013903760209,1
117988,7,2014-02-04 12:30:53,12.494263074717901,41.9014023473292,1
118013,7,2014-02-04 12:30:53,12.494306490591304,41.9014168209366,1
118039,7,2014-02-04 12:30:54,12.494336466156799,41.90142682172221,1
118055,7,2014-02-04 12:30:54,12.4943804619937,41.9014643262668,1
118124,7,2014-02-04 12:30:55,12.494391504346002,41.901503632437,1
118142,7,2014-02-04 12:30:55,12.4944095055143,41.9015217206876,1
118169,7,2014-02-04 12:30:56,12.49441888,41.90152967,1
118171,7,2014-02-04 12:30:56,12.494442420794304,41.901512044061604,1
118172,7,2014-02-04 12:30:56,12.494491839228196,41.9015380142621,1
118253,7,2014-02-04 12:30:57,12.4945596722005,41.9015281391641,1
118254,7,2014-02-04 12:30:57,12.4945229639375,41.9015391949593,1
118343,7,2014-02-04 12:30:58,12.494572557961199,41.901567310073396,1
118344,7,2014-02-04 12:30:58,12.4946054276842,41.9015836553873,1
118427,7,2014-02-04 12:30:59,12.494708691003401,41.901604492733604,1
118428,7,2014-02-04 12:30:59,12.4946738296294,41.90162593202521,1
118430,7,2014-02-04 12:30:59,12.494628685112,41.901610978711,1
118562,7,2014-02-04 12:31:00,12.4947523258334,41.9016114207679,1
118563,7,2014-02-04 12:31:00,12.4947469951264,41.90166039608821,1
118684,7,2014-02-04 12:31:01,12.4947380587856,41.9016834230198,1
118735,7,2014-02-04 12:31:02,12.494685445312,41.90180153225121,0
119933,7,2014-02-04 12:31:17,12.494743598822696,41.9018384437161,0
121031,7,2014-02-04 12:31:32,12.494789952276196,41.90178201645449,1
121036,7,2014-02-04 12:31:32,12.494798906171699,41.90176255603871,1
121039,7,2014-02-04 12:31:32,12.494782950590501,41.901760081331204,1
121044,7,2014-02-04 12:31:32,12.4947864707659,41.9017972873904,1
121071,7,2014-02-04 12:31:32,12.4947701651807,41.9017588631894,0
121092,7,2014-02-04 12:31:33,12.4948303705615,41.9018319226424,1
121094,7,2014-02-04 12:31:33,12.494810050527,41.9018177297486,1
121095,7,2014-02-04 12:31:33,12.4948070164519,41.9018038110582,1
121163,7,2014-02-04 12:31:34,12.4948692375662,41.901846491393,1
121206,7,2014-02-04 12:31:35,12.494937696500699,41.9018263569735,1
121207,7,2014-02-04 12:31:35,12.494906083937302,41.9018344597092,1
121208,7,2014-02-04 12:31:35,12.494884816466598,41.90186093246471,1
121323,7,2014-02-04 12:31:36,12.494998120950198,41.901799715692796,1
121329,7,2014-02-04 12:31:36,12.4949747107285,41.9018369136122,1
121367,7,2014-02-04 12:31:37,12.495077379140401,41.9017857846346,1
121368,7,2014-02-04 12:31:37,12.4950368783848,41.901823946373,1
121476,7,2014-02-04 12:31:38,12.495178314122,41.9017672575205,1
121613,7,2014-02-04 12:31:41,12.495279066108198,41.9018439953759,1
121697,7,2014-02-04 12:31:42,12.4953098694894,41.9018932306384,1
121752,7,2014-02-04 12:31:43,12.4953426578564,41.9019517444477,1
121756,7,2014-02-04 12:31:43,12.495347490332401,41.9018929145743,1
121986,7,2014-02-04 12:31:47,12.495448075535199,41.902081420817,0
122009,7,2014-02-04 12:31:47,12.495494834043601,41.902099121412704,1
122010,7,2014-02-04 12:31:47,12.4954702194964,41.902101650019496,1
122013,7,2014-02-04 12:31:47,12.4954507569184,41.9020814599189,1
122039,7,2014-02-04 12:31:48,12.4955510400298,41.902130251157,1
122042,7,2014-02-04 12:31:48,12.495512452197499,41.9021494916435,1
122043,7,2014-02-04 12:31:48,12.4954938768285,41.90212452672421,1
122133,7,2014-02-04 12:31:49,12.495597154820096,41.9021635871234,1
122217,7,2014-02-04 12:31:50,12.495662796368501,41.9021762492088,1
122236,7,2014-02-04 12:31:51,12.4957218801955,41.9021997639722,1
122421,7,2014-02-04 12:31:53,12.4957948538314,41.9022930528231,1
122467,7,2014-02-04 12:31:54,12.495836406247802,41.9023277424674,1
122563,7,2014-02-04 12:31:55,12.495842212261698,41.9023792588912,1
122605,7,2014-02-04 12:31:56,12.4959191659967,41.902376028646,1
122641,7,2014-02-04 12:31:57,12.496002020890401,41.90235170488071,1
122785,7,2014-02-04 12:31:58,12.4960473986367,41.9023890367143,1
122807,7,2014-02-04 12:31:59,12.496118574106099,41.9024409301919,1
122809,7,2014-02-04 12:31:59,12.4960940926389,41.902430762434,1
123008,7,2014-02-04 12:32:02,12.4962826401298,41.90245890055179,0
124343,7,2014-02-04 12:32:21,12.496693035149601,41.9023564123675,0
125169,7,2014-02-04 12:32:32,12.497061730882699,41.902080227885,1
125184,7,2014-02-04 12:32:32,12.497027579742301,41.9020481382085,0
125232,7,2014-02-04 12:32:32,12.4970993878078,41.902043296813,1
125238,7,2014-02-04 12:32:32,12.497037922969401,41.902057707531796,1
125242,7,2014-02-04 12:32:33,12.497128555713804,41.9019920426585,1
125338,7,2014-02-04 12:32:34,12.4971961287993,41.9019552433447,1
125366,7,2014-02-04 12:32:34,12.4971986305346,41.9020035026412,1
125415,7,2014-02-04 12:32:35,12.497220467638302,41.9019059425018,1
125416,7,2014-02-04 12:32:35,12.497193979610401,41.90191866449271,1
125515,7,2014-02-04 12:32:36,12.4972750135438,41.901858311539605,1
125519,7,2014-02-04 12:32:36,12.497306391235002,41.9018748913462,1
125543,7,2014-02-04 12:32:36,12.497260158564401,41.901877521174704,1
125560,7,2014-02-04 12:32:37,12.4973310768326,41.901781789961795,1
125569,7,2014-02-04 12:32:37,12.4973187130904,41.901829392078795,1
125570,7,2014-02-04 12:32:37,12.497333333333302,41.9018083333333,1
125665,7,2014-02-04 12:32:38,12.497364130184,41.901793284138996,1
125805,7,2014-02-04 12:32:39,12.497417445785803,41.9017398107657,1
125813,7,2014-02-04 12:32:39,12.497408892233803,41.901699481703204,1
125826,7,2014-02-04 12:32:39,12.497430245899999,41.9017950271402,1
125845,7,2014-02-04 12:32:40,12.497460812529097,41.901684315268604,1
125951,7,2014-02-04 12:32:41,12.4974977780969,41.9016618855908,1
125952,7,2014-02-04 12:32:41,12.497525350129699,41.901638682649896,1
125957,7,2014-02-04 12:32:41,12.49755840694,41.9016478801197,1
126058,7,2014-02-04 12:32:42,12.4975637825756,41.901606473544,1
126059,7,2014-02-04 12:32:42,12.4976103056245,41.90162150772071,1
126061,7,2014-02-04 12:32:42,12.4976284449205,41.9016448564915,1
126165,7,2014-02-04 12:32:43,12.4977017771215,41.901650403927604,1
126251,7,2014-02-04 12:32:44,12.497752170539501,41.9016394881462,1
126319,7,2014-02-04 12:32:45,12.4978420904632,41.901665181795,1
126320,7,2014-02-04 12:32:45,12.4978059788801,41.9016187587556,1
126411,7,2014-02-04 12:32:46,12.4979093093182,41.9016593376511,1
126486,7,2014-02-04 12:32:47,12.4980203023091,41.90172814822029,0
127632,7,2014-02-04 12:33:02,12.498354202000401,41.90184438590821,0
128666,7,2014-02-04 12:33:17,12.498354202000401,41.90184438590821,0
129959,7,2014-02-04 12:33:35,12.498354202000401,41.90184438590821,0
130814,7,2014-02-04 12:33:47,12.498354202000401,41.90184438590821,0
131847,7,2014-02-04 12:34:02,12.4983772893971,41.9018697011859,1
131848,7,2014-02-04 12:34:02,12.4983502349707,41.9018683785091,1
131849,7,2014-02-04 12:34:02,12.4983532008795,41.9018515890158,1
131854,7,2014-02-04 12:34:02,12.4983703093315,41.9018845842635,1
131865,7,2014-02-04 12:34:02,12.4983772184706,41.901893498484704,1
131866,7,2014-02-04 12:34:02,12.4984005303849,41.901892725686295,1
131868,7,2014-02-04 12:34:02,12.498354202000401,41.90184438590821,0
131874,7,2014-02-04 12:34:02,12.498388215112698,41.9018917129934,1
131882,7,2014-02-04 12:34:02,12.498402177029,41.9019017681889,1
131952,7,2014-02-04 12:34:03,12.498436114950199,41.901897383849295,1
131953,7,2014-02-04 12:34:03,12.498465050349695,41.901908351943,1
131954,7,2014-02-04 12:34:03,12.4984949403834,41.9019304391153,1
131955,7,2014-02-04 12:34:03,12.4985146626452,41.9019078000407,1
132017,7,2014-02-04 12:34:04,12.498614226668401,41.9019411334287,1
132022,7,2014-02-04 12:34:04,12.4986196831155,41.901915031478296,1
132023,7,2014-02-04 12:34:04,12.4985896364621,41.90192082756671,1
132025,7,2014-02-04 12:34:04,12.4985692172421,41.9019211512135,1
132079,7,2014-02-04 12:34:05,12.4986708728654,41.902032832273,1
132081,7,2014-02-04 12:34:05,12.4986165789136,41.9019884605002,1
132091,7,2014-02-04 12:34:05,12.4986458299941,41.902006489504,1
132219,7,2014-02-04 12:34:06,12.4987753508476,41.902054131849106,1
132228,7,2014-02-04 12:34:06,12.4987078729582,41.9020570779617,1
132256,7,2014-02-04 12:34:07,12.498804834628901,41.902066892152206,1
132257,7,2014-02-04 12:34:07,12.498818663494198,41.902071565914,1
132258,7,2014-02-04 12:34:07,12.4988383826399,41.9021017099236,1
132338,7,2014-02-04 12:34:08,12.4988726000248,41.9021291316649,1
132339,7,2014-02-04 12:34:08,12.4988917989887,41.9020956342596,1
132340,7,2014-02-04 12:34:08,12.498930033071499,41.90214528248821,1
132470,7,2014-02-04 12:34:09,12.499013507746401,41.90218739523179,1
132471,7,2014-02-04 12:34:09,12.4989937024175,41.9021749197721,1
132472,7,2014-02-04 12:34:09,12.4989665547297,41.9021500549253,1
132491,7,2014-02-04 12:34:10,12.4990265976004,41.902214058728106,1
132492,7,2014-02-04 12:34:10,12.499085451398999,41.9022212566251,1
132493,7,2014-02-04 12:34:10,12.4990753565398,41.902246412313296,1
132629,7,2014-02-04 12:34:11,12.49911077,41.90228162,1
132630,7,2014-02-04 12:34:11,12.4991381181252,41.9022981944316,1
132681,7,2014-02-04 12:34:12,12.499238750646,41.902265713129296,1
132689,7,2014-02-04 12:34:12,12.499192644374,41.9023005209351,1
132711,7,2014-02-04 12:34:12,12.499267724270501,41.90233183258661,1
132753,7,2014-02-04 12:34:13,12.499321043572301,41.9023764058483,1
132775,7,2014-02-04 12:34:13,12.4993794511924,41.9023537616903,1
132779,7,2014-02-04 12:34:13,12.499345638222596,41.9023552372489,1
132811,7,2014-02-04 12:34:14,12.499436759296,41.9023772747494,1
132879,7,2014-02-04 12:34:15,12.4995028165884,41.902448634822505,1
132880,7,2014-02-04 12:34:15,12.4994669032958,41.9024132353103,1
132958,7,2014-02-04 12:34:17,12.499620946240599,41.9025108720915,0
132975,7,2014-02-04 12:34:17,12.499621249238201,41.902516875742,1
133016,7,2014-02-04 12:34:18,12.4996270112186,41.9025772015215,1
133090,7,2014-02-04 12:34:19,12.4997303810468,41.9025747697415,1
133097,7,2014-02-04 12:34:19,12.4996654919355,41.9026069400829,1
133103,7,2014-02-04 12:34:20,12.4997581427298,41.9025885434753,1
133180,7,2014-02-04 12:34:21,12.499794900408,41.9025946461339,1
133260,7,2014-02-04 12:34:22,12.499818589879196,41.9026250637213,1
133276,7,2014-02-04 12:34:23,12.499856102354698,41.902636819687096,1
133277,7,2014-02-04 12:34:23,12.4998815209777,41.9026546590526,1
133279,7,2014-02-04 12:34:23,12.499882307881998,41.9026382056876,1
133363,7,2014-02-04 12:34:24,12.499947871397,41.9026459798248,1
133364,7,2014-02-04 12:34:24,12.4999168670082,41.902672199014894,1
133434,7,2014-02-04 12:34:25,12.499996084161198,41.9026040983221,1
133504,7,2014-02-04 12:34:27,12.5000370153847,41.9027054829546,1
133575,7,2014-02-04 12:34:28,12.500042870486801,41.9027344992194,1
133787,7,2014-02-04 12:34:32,12.5001776241731,41.9028238137057,0
134860,7,2014-02-04 12:34:47,12.5003855315666,41.9029187814389,1
134861,7,2014-02-04 12:34:47,12.5003688623946,41.9028921105236,1
134884,7,2014-02-04 12:34:47,12.5004037938738,41.902946611565,0
134891,7,2014-02-04 12:34:48,12.5005298628309,41.902932282081,1
134969,7,2014-02-04 12:34:49,12.5005640509893,41.9029301026791,1
134995,7,2014-02-04 12:34:49,12.500631032781902,41.902931074746,1
134996,7,2014-02-04 12:34:49,12.500590332007501,41.9029314909357,1
134997,7,2014-02-04 12:34:49,12.5004622834344,41.9028769920589,1
135027,7,2014-02-04 12:34:50,12.500608629070001,41.9028992950091,1
135047,7,2014-02-04 12:34:50,12.5006301662976,41.902888795087705,1
135154,7,2014-02-04 12:34:51,12.5006548154945,41.9028673809976,1
135182,7,2014-02-04 12:34:52,12.5006785951718,41.902834967054,1
135183,7,2014-02-04 12:34:52,12.5006637978245,41.9028173006606,1
135225,7,2014-02-04 12:34:52,12.500651028048,41.902781311685295,1
135277,7,2014-02-04 12:34:53,12.500712558264198,41.902762347935,1
135279,7,2014-02-04 12:34:53,12.5006777671361,41.902750588730704,1
135306,7,2014-02-04 12:34:53,12.5006731830341,41.90277523807921,1
135356,7,2014-02-04 12:34:54,12.500702652922099,41.9027264192082,1
135389,7,2014-02-04 12:34:55,12.500775209333401,41.9027307006058,1
135397,7,2014-02-04 12:34:55,12.500762642293301,41.902684718875705,1
135434,7,2014-02-04 12:34:56,12.5007530602277,41.9026579885063,1
135442,7,2014-02-04 12:34:56,12.500805449923599,41.9026652783741,1
135501,7,2014-02-04 12:34:57,12.500787026258699,41.9026229904545,1
135619,7,2014-02-04 12:34:58,12.500813557950599,41.902581715970896,1
135694,7,2014-02-04 12:34:59,12.5008604259794,41.9025479971085,1
135714,7,2014-02-04 12:35:00,12.500894297371302,41.9025339970497,1
135717,7,2014-02-04 12:35:00,12.5008997532876,41.902505127481604,1
135718,7,2014-02-04 12:35:00,12.500927455336,41.9025353055479,1
135807,7,2014-02-04 12:35:01,12.5009138431105,41.9024692037354,1
135923,7,2014-02-04 12:35:02,12.5009469289535,41.90246440287221,1
135927,7,2014-02-04 12:35:02,12.500953442509804,41.9024328756664,1
135977,7,2014-02-04 12:35:03,12.500946586516699,41.9024077056175,1
135998,7,2014-02-04 12:35:03,12.5009956373445,41.902412990440794,1
136003,7,2014-02-04 12:35:03,12.500969424276901,41.90240491150389,1
136006,7,2014-02-04 12:35:03,12.500957140541699,41.902394645053,1
136018,7,2014-02-04 12:35:04,12.5010175478225,41.90240265622229,1
136021,7,2014-02-04 12:35:04,12.5009931098173,41.9023774904982,1
136119,7,2014-02-04 12:35:05,12.501020884024598,41.902358185110295,1
136120,7,2014-02-04 12:35:05,12.5010037328321,41.902322941442,1
136182,7,2014-02-04 12:35:06,12.501017199805501,41.9023024383132,1
136188,7,2014-02-04 12:35:06,12.5010530702638,41.9023052357569,1
136232,7,2014-02-04 12:35:07,12.501088738903999,41.9022923207139,1
136358,7,2014-02-04 12:35:10,12.501183692966599,41.902107915620796,1
136368,7,2014-02-04 12:35:10,12.501200947202001,41.902107085716096,1
136374,7,2014-02-04 12:35:10,12.501122470499,41.902155648257,1
136375,7,2014-02-04 12:35:10,12.501129051670404,41.9021400343627,1
136376,7,2014-02-04 12:35:10,12.5011389314403,41.902123272023,1
136377,7,2014-02-04 12:35:10,12.5011597352986,41.9021245501146,1
136378,7,2014-02-04 12:35:10,12.501182462916901,41.902113150672,1
136476,7,2014-02-04 12:35:10,12.5011001363881,41.902162182899396,0
136567,7,2014-02-04 12:35:11,12.501194905799998,41.902087670030106,1
136575,7,2014-02-04 12:35:11,12.5012995973856,41.9020518749195,1
136576,7,2014-02-04 12:35:11,12.5012702323592,41.9020611996981,1
136578,7,2014-02-04 12:35:11,12.5012347230898,41.9020668875735,1
136579,7,2014-02-04 12:35:11,12.5012121328842,41.9020647875746,1
136580,7,2014-02-04 12:35:11,12.501209484565198,41.90208233464021,1
136609,7,2014-02-04 12:35:12,12.501293972816699,41.90199439935721,1
136616,7,2014-02-04 12:35:12,12.501287480539201,41.9019797598814,1
136636,7,2014-02-04 12:35:12,12.5012748851468,41.9020259812741,1
136638,7,2014-02-04 12:35:12,12.501255729104097,41.9020097905248,1
136639,7,2014-02-04 12:35:12,12.501267552748,41.901998285496795,1
136640,7,2014-02-04 12:35:12,12.5013030335457,41.901967888670704,1
136706,7,2014-02-04 12:35:13,12.501318872320097,41.9019069669064,1
136707,7,2014-02-04 12:35:13,12.501322081154699,41.9019179588528,1
136708,7,2014-02-04 12:35:13,12.5013136133987,41.9019239447476,1
136709,7,2014-02-04 12:35:13,12.501326565583598,41.9019362249732,1
136710,7,2014-02-04 12:35:13,12.5013326765866,41.90194895487,1
136711,7,2014-02-04 12:35:13,12.501310521382502,41.90195140309221,1
136716,7,2014-02-04 12:35:13,12.501328027818198,41.9019067173602,1
136717,7,2014-02-04 12:35:13,12.501331235050001,41.9019003690722,1
136753,7,2014-02-04 12:35:14,12.5013277217574,41.9018000998113,1
136754,7,2014-02-04 12:35:14,12.5013241714909,41.9018201881296,1
136755,7,2014-02-04 12:35:14,12.5013351354756,41.9018409430845,1
136756,7,2014-02-04 12:35:14,12.5013434138224,41.90185858276021,1
136757,7,2014-02-04 12:35:14,12.501346722367101,41.9018688152004,1
136758,7,2014-02-04 12:35:14,12.5013557693974,41.9018745883745,1
136759,7,2014-02-04 12:35:14,12.5013640834676,41.901891680331296,1
136760,7,2014-02-04 12:35:14,12.5013471157484,41.901886893680796,1
136834,7,2014-02-04 12:35:15,12.501338667834,41.901787778431,1
136837,7,2014-02-04 12:35:15,12.5013508251522,41.901757844529705,1
136854,7,2014-02-04 12:35:15,12.50132755,41.901773485,1
137004,7,2014-02-04 12:35:17,12.501373772986698,41.9016406576172,0
137985,7,2014-02-04 12:35:32,12.501373772986698,41.9016406576172,0
138982,7,2014-02-04 12:35:47,12.501373772986698,41.9016406576172,0
140009,7,2014-02-04 12:36:02,12.501373772986698,41.9016406576172,0
141010,7,2014-02-04 12:36:19,12.501373772986698,41.9016406576172,0
141839,7,2014-02-04 12:36:32,12.501373772986698,41.9016406576172,0
142954,7,2014-02-04 12:36:47,12.501373772986698,41.9016406576172,0
143888,7,2014-02-04 12:37:02,12.5013571373335,41.9015375775516,0
144957,7,2014-02-04 12:37:17,12.5013571373335,41.9015375775516,0
146141,7,2014-02-04 12:37:32,12.5013571373335,41.9015375775516,0
147153,7,2014-02-04 12:37:47,12.501191546558399,41.901442337486,0
148246,7,2014-02-04 12:38:02,12.501191546558399,41.901442337486,0
149201,7,2014-02-04 12:38:17,12.501191546558399,41.901442337486,0
150297,7,2014-02-04 12:38:32,12.501191546558399,41.901442337486,0
151354,7,2014-02-04 12:38:47,12.501191546558399,41.901442337486,0
152494,7,2014-02-04 12:39:02,12.501191546558399,41.901442337486,0
153587,7,2014-02-04 12:39:17,12.501191546558399,41.901442337486,0
154851,7,2014-02-04 12:39:32,12.501191546558399,41.901442337486,0
156109,7,2014-02-04 12:39:47,12.501191546558399,41.901442337486,0
157205,7,2014-02-04 12:40:02,12.501191546558399,41.901442337486,0
158437,7,2014-02-04 12:40:17,12.501164321947401,41.9014317051377,0
159791,7,2014-02-04 12:40:32,12.501164321947401,41.9014317051377,0
160946,7,2014-02-04 12:40:47,12.501164321947401,41.9014317051377,0
161926,7,2014-02-04 12:41:02,12.501164321947401,41.9014317051377,0
162844,7,2014-02-04 12:41:17,12.501164321947401,41.9014317051377,0
163924,7,2014-02-04 12:41:32,12.501164321947401,41.9014317051377,0
164914,7,2014-02-04 12:41:47,12.501164321947401,41.9014317051377,0
165756,7,2014-02-04 12:42:02,12.501164321947401,41.9014317051377,0
166740,7,2014-02-04 12:42:17,12.501164321947401,41.9014317051377,0
167648,7,2014-02-04 12:42:32,12.501164321947401,41.9014317051377,0
168610,7,2014-02-04 12:42:47,12.501164321947401,41.9014317051377,0
169964,7,2014-02-04 12:43:03,12.501164321947401,41.9014317051377,0
170982,7,2014-02-04 12:43:17,12.501164321947401,41.9014317051377,0
171917,7,2014-02-04 12:43:32,12.501164321947401,41.9014317051377,0
172997,7,2014-02-04 12:43:47,12.501164321947401,41.9014317051377,0
174259,7,2014-02-04 12:44:02,12.501164321947401,41.9014317051377,0
175671,7,2014-02-04 12:44:17,12.501164321947401,41.9014317051377,0
176694,7,2014-02-04 12:44:32,12.501164321947401,41.9014317051377,0
177538,7,2014-02-04 12:44:47,12.501164321947401,41.9014317051377,0
178538,7,2014-02-04 12:45:02,12.501164321947401,41.9014317051377,0
179654,7,2014-02-04 12:45:17,12.501164321947401,41.9014317051377,0
180743,7,2014-02-04 12:45:33,12.501164321947401,41.9014317051377,0
181873,7,2014-02-04 12:45:47,12.501164321947401,41.9014317051377,0
182809,7,2014-02-04 12:46:02,12.501164321947401,41.9014317051377,0
183588,7,2014-02-04 12:46:17,12.501164321947401,41.9014317051377,0
184329,7,2014-02-04 12:46:32,12.501164321947401,41.9014317051377,0
185147,7,2014-02-04 12:46:47,12.501164321947401,41.9014317051377,0
186077,7,2014-02-04 12:47:02,12.501164321947401,41.9014317051377,0
186914,7,2014-02-04 12:47:17,12.501164321947401,41.9014317051377,0
187821,7,2014-02-04 12:47:32,12.501164321947401,41.9014317051377,0
188812,7,2014-02-04 12:47:47,12.501164321947401,41.9014317051377,0
189531,7,2014-02-04 12:48:02,12.501164321947401,41.9014317051377,0
190279,7,2014-02-04 12:48:17,12.501164321947401,41.9014317051377,0
191023,7,2014-02-04 12:48:32,12.501164321947401,41.9014317051377,0
191860,7,2014-02-04 12:48:47,12.501164321947401,41.9014317051377,0
192792,7,2014-02-04 12:49:02,12.501164321947401,41.9014317051377,0
193653,7,2014-02-04 12:49:17,12.501164321947401,41.9014317051377,0
194505,7,2014-02-04 12:49:32,12.501164321947401,41.9014317051377,0
195344,7,2014-02-04 12:49:47,12.501164321947401,41.9014317051377,0
196272,7,2014-02-04 12:50:04,12.501164321947401,41.9014317051377,0
197102,7,2014-02-04 12:50:19,12.5010591710805,41.901387176311296,0
197998,7,2014-02-04 12:50:35,12.500925134861696,41.9012508307893,0
198657,7,2014-02-04 12:50:47,12.5009251348606,41.9012508307889,0
199428,7,2014-02-04 12:51:02,12.5009251348606,41.9012508307889,0
200152,7,2014-02-04 12:51:17,12.5009251348606,41.9012508307889,0
200974,7,2014-02-04 12:51:32,12.5009251348606,41.9012508307889,0
202064,7,2014-02-04 12:51:47,12.5009251348606,41.9012508307889,0
202808,7,2014-02-04 12:52:02,12.5009251348606,41.9012508307889,0
203630,7,2014-02-04 12:52:17,12.5009251348606,41.9012508307889,0
204477,7,2014-02-04 12:52:33,12.5009251348606,41.9012508307889,0
205226,7,2014-02-04 12:52:47,12.5009251348606,41.9012508307889,0
206104,7,2014-02-04 12:53:02,12.5009251348606,41.9012508307889,0
206980,7,2014-02-04 12:53:17,12.5009251348606,41.9012508307889,0
207751,7,2014-02-04 12:53:33,12.5009251348606,41.9012508307889,0
208376,7,2014-02-04 12:53:47,12.5009251348606,41.9012508307889,0
209252,7,2014-02-04 12:54:02,12.5009251348606,41.9012508307889,0
210040,7,2014-02-04 12:54:17,12.500605595603304,41.9013479188677,0
210981,7,2014-02-04 12:54:32,12.500612673747401,41.9013842507091,0
212200,7,2014-02-04 12:54:51,12.5007871413771,41.901320745450704,0
212845,7,2014-02-04 12:55:02,12.500787141377199,41.901320745450704,0
213583,7,2014-02-04 12:55:17,12.500787141377199,41.901320745450704,0
214632,7,2014-02-04 12:55:33,12.500756812216,41.901241582181,0
215434,7,2014-02-04 12:55:47,12.500756812216,41.901241582181,0
216348,7,2014-02-04 12:56:02,12.500756812216,41.901241582181,0
217165,7,2014-02-04 12:56:17,12.500756812216,41.901241582181,0
218102,7,2014-02-04 12:56:32,12.500756812216,41.901241582181,0
219257,7,2014-02-04 12:56:47,12.500756812216,41.901241582181,0
220277,7,2014-02-04 12:57:02,12.500756812216,41.901241582181,0
221155,7,2014-02-04 12:57:17,12.500756812216,41.901241582181,0
222052,7,2014-02-04 12:57:32,12.500647399208699,41.9011975322461,0
223017,7,2014-02-04 12:57:47,12.500517342569498,41.9011609542787,0
224188,7,2014-02-04 12:58:03,12.500517342569498,41.9011609542787,0
224978,7,2014-02-04 12:58:17,12.500517342569498,41.9011609542787,0
225934,7,2014-02-04 12:58:32,12.500517342569498,41.9011609542787,0
227025,7,2014-02-04 12:58:47,12.5005159279232,41.901129197865,0
228146,7,2014-02-04 12:59:02,12.5005159279232,41.901129197865,0
229291,7,2014-02-04 12:59:17,12.5005159279232,41.901129197865,0
230446,7,2014-02-04 12:59:32,12.5005159279232,41.901129197865,0
231372,7,2014-02-04 12:59:47,12.5005159279232,41.901129197865,0
